,M1,M2,M3,M4,M5,M6,M7,M8,M9,M10,M11,M12,M13,M14,M15,M16,M17,M18,M19,M20,M21,M22,M23,M24,M25,M26,M27,M28,M29,M30,M31,M32,M33,M34,M35,M36,M37,M38,M39,M40,M41,M42,M43,M44,M45,M46,M47,M48,M49,M50,M51,M52,M53,M54,M55,M56,M57,M58,M59,M60,M61,M62,M63,M64,M65,M66,M67,M68,M69,M70,M71,M72,M73,M74,M75,M76,M77,M78,M79,M80
380,0.000e+000,1.347e-006,3.595e-006,7.553e-005,2.701e-005,3.512e-006,1.251e-005,0.000e+000,1.908e-006,6.809e-005,1.810e-005,0.000e+000,1.212e-006,8.156e-007,1.009e-006,4.163e-006,1.321e-005,3.180e-006,1.217e-005,0.000e+000,2.757e-005,0.000e+000,0.000e+000,5.097e-008,0.000e+000,0.000e+000,3.040e-005,0.000e+000,0.000e+000,1.358e-006,1.754e-005,1.872e-005,3.030e-005,0.000e+000,6.905e-007,2.739e-006,0.000e+000,1.063e-005,0.000e+000,1.792e-005,2.628e-005,4.110e-006,3.020e-005,0.000e+000,1.033e-005,1.284e-005,1.567e-005,1.109e-005,5.111e-006,1.229e-005,1.366e-005,7.770e-006,5.695e-006,8.713e-006,1.106e-005,7.658e-006,7.014e-006,4.760e-006,7.509e-006,9.704e-006,1.085e-005,2.803e-006,7.897e-006,1.187e-005,8.359e-006,1.717e-005,8.924e-006,5.571e-006,1.284e-005,1.371e-005,1.757e-005,1.023e-005,8.970e-006,1.614e-005,3.654e-006,4.998e-006,1.180e-005,2.349e-005,3.642e-007,8.134e-006
384,0.000e+000,2.003e-006,3.878e-006,2.438e-005,1.106e-006,4.771e-007,1.646e-005,0.000e+000,7.618e-006,4.603e-006,4.508e-005,0.000e+000,1.039e-006,7.304e-008,5.329e-007,1.992e-008,4.976e-006,3.967e-006,1.804e-005,0.000e+000,3.194e-005,1.705e-006,0.000e+000,3.637e-010,0.000e+000,0.000e+000,3.942e-006,0.000e+000,0.000e+000,2.945e-006,2.253e-006,7.727e-006,1.434e-005,0.000e+000,4.927e-009,1.007e-005,1.319e-005,7.585e-008,9.210e-007,4.349e-007,1.938e-005,1.619e-005,4.149e-005,0.000e+000,1.278e-005,1.263e-005,1.458e-005,9.115e-006,7.437e-006,1.529e-005,1.269e-005,7.623e-006,8.818e-006,6.800e-006,8.963e-006,7.430e-006,5.957e-006,4.696e-006,5.341e-006,1.222e-005,7.110e-006,4.910e-006,6.749e-006,1.176e-005,1.280e-005,1.151e-005,9.967e-006,9.184e-006,6.931e-006,1.172e-005,1.408e-005,1.333e-005,1.617e-005,9.838e-006,3.591e-006,3.791e-006,7.464e-006,2.407e-005,1.440e-008,6.313e-006
388,0.000e+000,1.068e-006,3.455e-006,2.983e-005,1.192e-005,3.353e-006,6.113e-006,0.000e+000,1.696e-005,2.463e-005,2.037e-005,0.000e+000,1.130e-006,4.751e-007,2.184e-007,6.278e-007,5.112e-006,0.000e+000,0.000e+000,0.000e+000,2.691e-005,0.000e+000,0.000e+000,0.000e+000,0.000e+000,0.000e+000,9.818e-006,0.000e+000,0.000e+000,1.068e-006,1.409e-005,6.360e-006,3.049e-005,0.000e+000,9.554e-008,3.423e-006,1.045e-005,4.382e-006,4.939e-006,1.646e-006,1.992e-005,1.696e-005,2.899e-005,0.000e+000,1.635e-005,1.294e-005,1.536e-005,1.168e-005,8.321e-006,1.468e-005,1.359e-005,8.533e-006,5.862e-006,5.830e-006,8.608e-006,5.063e-006,7.302e-006,5.958e-006,7.359e-006,1.085e-005,9.619e-006,4.626e-006,3.436e-006,9.802e-006,1.091e-005,8.306e-006,1.555e-005,1.048e-005,1.240e-005,9.844e-006,1.332e-005,7.812e-006,1.313e-005,1.791e-005,1.881e-006,2.432e-006,8.315e-006,2.448e-005,4.094e-007,8.195e-006
392,0.000e+000,9.342e-007,3.374e-006,2.419e-005,1.817e-005,3.110e-006,1.086e-005,8.449e-007,1.165e-005,5.085e-006,1.571e-005,0.000e+000,1.118e-006,3.619e-007,4.974e-007,1.365e-006,0.000e+000,1.507e-006,0.000e+000,0.000e+000,2.032e-005,0.000e+000,0.000e+000,0.000e+000,0.000e+000,0.000e+000,1.184e-005,5.247e-007,0.000e+000,1.049e-006,1.189e-005,2.614e-006,2.639e-005,0.000e+000,4.763e-007,1.033e-005,1.957e-005,9.528e-006,1.618e-006,0.000e+000,9.385e-006,1.485e-005,2.993e-005,0.000e+000,7.062e-006,1.255e-005,1.596e-005,8.667e-006,7.877e-006,1.346e-005,1.553e-005,1.292e-005,1.055e-005,4.889e-006,7.571e-006,4.711e-006,5.983e-006,4.630e-006,6.213e-006,7.875e-006,9.514e-006,2.695e-006,4.481e-006,7.424e-006,8.804e-006,1.145e-005,7.634e-006,1.314e-005,1.594e-005,5.150e-006,1.455e-005,1.189e-005,1.484e-005,1.502e-005,3.419e-006,4.258e-006,7.695e-006,2.133e-005,8.764e-007,8.798e-006
396,0.000e+000,1.172e-006,3.083e-006,1.624e-005,1.494e-005,1.379e-006,8.378e-006,9.435e-006,1.873e-005,1.100e-005,1.062e-005,0.000e+000,8.225e-007,4.709e-007,4.656e-007,0.000e+000,0.000e+000,4.854e-006,0.000e+000,0.000e+000,2.474e-005,0.000e+000,0.000e+000,0.000e+000,0.000e+000,0.000e+000,7.637e-006,5.924e-007,0.000e+000,1.843e-006,7.220e-006,2.226e-005,1.890e-005,0.000e+000,6.613e-007,3.259e-006,1.214e-005,2.108e-006,8.934e-006,0.000e+000,1.328e-005,1.926e-005,2.435e-005,0.000e+000,6.595e-006,1.111e-005,1.402e-005,1.222e-005,1.061e-005,1.506e-005,1.678e-005,8.332e-006,1.069e-005,4.318e-006,6.768e-006,4.461e-006,4.543e-006,4.000e-006,5.717e-006,5.431e-006,8.713e-006,1.397e-006,6.700e-006,6.536e-006,7.543e-006,1.087e-005,7.515e-006,1.274e-005,1.589e-005,1.365e-005,1.418e-005,1.106e-005,1.412e-005,1.403e-005,2.779e-006,4.770e-006,8.269e-006,2.081e-005,3.072e-007,8.649e-006
400,0.000e+000,1.419e-006,2.734e-006,1.335e-005,1.144e-005,0.000e+000,5.467e-006,5.126e-006,3.209e-005,4.056e-005,8.480e-006,0.000e+000,9.090e-007,2.077e-007,5.799e-007,0.000e+000,0.000e+000,4.867e-006,0.000e+000,0.000e+000,2.278e-005,0.000e+000,0.000e+000,0.000e+000,0.000e+000,2.174e-006,3.183e-006,0.000e+000,0.000e+000,3.979e-007,0.000e+000,1.346e-005,1.594e-005,0.000e+000,6.864e-007,5.672e-006,4.078e-006,1.274e-006,3.292e-005,0.000e+000,4.992e-006,1.583e-005,2.676e-006,0.000e+000,9.553e-006,1.245e-005,1.545e-005,1.441e-005,1.340e-005,1.771e-005,1.519e-005,1.143e-005,6.278e-006,5.341e-006,6.928e-006,5.574e-006,4.218e-006,4.446e-006,5.906e-006,6.543e-006,7.407e-006,2.518e-006,3.894e-006,6.736e-006,7.468e-006,8.385e-006,8.461e-006,9.962e-006,1.362e-005,1.508e-005,1.462e-005,1.292e-005,1.351e-005,1.307e-005,2.451e-006,3.212e-006,9.448e-006,2.193e-005,1.452e-007,7.944e-006
404,0.000e+000,1.676e-006,3.432e-006,2.532e-005,2.066e-005,8.146e-006,2.635e-005,1.550e-005,1.063e-005,2.273e-005,2.106e-005,0.000e+000,7.319e-007,3.492e-007,4.522e-007,0.000e+000,0.000e+000,8.676e-007,0.000e+000,0.000e+000,1.965e-005,0.000e+000,0.000e+000,2.418e-007,0.000e+000,6.367e-007,2.713e-005,0.000e+000,0.000e+000,1.050e-005,7.109e-006,4.227e-006,1.127e-005,0.000e+000,7.815e-007,1.662e-006,6.975e-006,9.337e-006,1.918e-005,8.096e-006,5.749e-007,1.406e-005,1.471e-005,1.750e-006,1.086e-005,1.467e-005,1.789e-005,1.628e-005,1.784e-005,2.062e-005,1.842e-005,1.249e-005,8.273e-006,4.385e-006,6.999e-006,2.924e-006,3.668e-006,4.385e-006,5.445e-006,9.031e-006,1.170e-005,3.390e-006,3.795e-006,6.757e-006,2.667e-005,1.036e-005,8.574e-006,1.313e-005,1.612e-005,1.943e-005,1.799e-005,1.608e-005,1.729e-005,1.753e-005,1.688e-006,2.083e-006,4.862e-006,2.291e-005,4.077e-008,8.065e-006
408,0.000e+000,1.897e-006,4.389e-006,2.105e-005,1.354e-005,1.135e-005,1.583e-005,1.536e-005,4.760e-005,2.486e-005,2.256e-005,0.000e+000,1.004e-006,1.360e-007,7.272e-007,0.000e+000,7.942e-006,0.000e+000,0.000e+000,0.000e+000,2.041e-005,0.000e+000,0.000e+000,2.788e-008,0.000e+000,0.000e+000,6.337e-006,2.565e-007,4.896e-006,1.141e-005,1.641e-005,3.498e-007,1.707e-005,0.000e+000,1.577e-006,0.000e+000,1.910e-005,1.070e-005,1.091e-006,6.701e-007,1.762e-005,1.895e-005,2.745e-005,2.028e-005,1.383e-005,1.925e-005,2.275e-005,2.289e-005,2.406e-005,2.430e-005,2.213e-005,1.629e-005,1.036e-005,5.971e-006,8.195e-006,4.698e-006,3.573e-006,3.954e-006,6.248e-006,9.897e-006,1.363e-005,2.910e-006,5.295e-006,6.545e-006,9.085e-006,8.014e-006,6.398e-006,1.822e-005,2.154e-005,2.493e-005,2.467e-005,1.985e-005,2.231e-005,2.307e-005,1.779e-006,4.139e-006,1.776e-005,3.103e-005,1.641e-007,1.178e-005
412,0.000e+000,3.749e-006,7.171e-006,2.791e-005,2.606e-005,1.137e-005,2.326e-005,2.617e-005,4.254e-005,5.449e-005,3.383e-005,0.000e+000,1.158e-006,8.798e-007,1.294e-006,9.248e-007,5.143e-006,8.777e-007,0.000e+000,0.000e+000,5.493e-006,0.000e+000,0.000e+000,1.418e-007,0.000e+000,0.000e+000,7.598e-006,2.970e-006,0.000e+000,5.499e-007,4.517e-006,0.000e+000,1.785e-005,1.463e-007,2.969e-006,1.513e-006,7.796e-006,1.045e-005,8.509e-006,5.654e-006,1.595e-005,2.953e-005,4.167e-005,3.776e-005,2.337e-005,2.964e-005,3.585e-005,3.960e-005,4.424e-005,3.675e-005,3.526e-005,2.822e-005,1.897e-005,1.099e-005,9.187e-006,6.011e-006,4.410e-006,4.775e-006,9.277e-006,1.551e-005,2.081e-005,3.490e-006,4.707e-006,6.462e-006,6.242e-006,7.834e-006,5.805e-006,2.393e-005,3.798e-005,3.927e-005,3.756e-005,3.717e-005,3.777e-005,3.988e-005,3.137e-006,3.460e-006,3.427e-005,4.520e-005,3.376e-008,2.013e-005
416,0.000e+000,6.850e-006,1.423e-005,2.402e-005,3.833e-005,3.833e-005,4.657e-005,6.364e-005,7.444e-005,7.656e-005,8.431e-005,0.000e+000,2.005e-006,1.583e-006,2.154e-006,2.891e-006,2.744e-006,3.566e-006,0.000e+000,0.000e+000,1.124e-005,0.000e+000,0.000e+000,2.902e-007,0.000e+000,0.000e+000,7.160e-006,0.000e+000,0.000e+000,1.719e-006,5.816e-006,0.000e+000,4.048e-006,4.574e-007,5.882e-006,7.617e-006,1.598e-005,2.659e-005,3.710e-005,3.489e-005,3.635e-005,5.924e-005,7.417e-005,6.128e-005,4.078e-005,5.483e-005,6.513e-005,7.653e-005,7.495e-005,7.244e-005,6.814e-005,5.111e-005,3.522e-005,2.111e-005,1.453e-005,7.068e-006,5.732e-006,7.742e-006,1.639e-005,2.613e-005,3.957e-005,5.274e-006,6.448e-006,8.250e-006,9.852e-006,1.016e-005,9.482e-006,4.228e-005,7.073e-005,7.232e-005,7.241e-005,7.586e-005,7.594e-005,7.486e-005,4.374e-006,4.741e-006,7.032e-005,8.246e-005,2.286e-007,3.984e-005
420,9.082e-008,1.337e-005,2.742e-005,4.759e-005,7.257e-005,7.602e-005,9.185e-005,1.160e-004,1.327e-004,1.447e-004,1.625e-004,6.812e-008,3.025e-006,2.822e-006,3.621e-006,1.244e-006,3.541e-006,3.684e-006,0.000e+000,0.000e+000,1.320e-005,3.674e-006,0.000e+000,5.337e-007,0.000e+000,0.000e+000,1.147e-005,0.000e+000,1.236e-006,1.849e-006,8.751e-006,0.000e+000,1.221e-005,9.082e-008,1.158e-005,1.779e-005,3.797e-005,4.855e-005,6.808e-005,7.712e-005,9.103e-005,1.133e-004,1.383e-004,1.431e-004,7.854e-005,1.076e-004,1.289e-004,1.514e-004,1.529e-004,1.473e-004,1.322e-004,1.000e-004,7.080e-005,4.065e-005,2.449e-005,1.051e-005,7.118e-006,1.365e-005,2.907e-005,4.848e-005,7.881e-005,8.479e-006,9.343e-006,1.282e-005,1.196e-005,1.136e-005,1.697e-005,7.780e-005,1.352e-004,1.476e-004,1.478e-004,1.476e-004,1.492e-004,1.497e-004,7.590e-006,5.101e-006,1.428e-004,1.614e-004,4.300e-007,7.814e-005
424,5.210e-007,2.599e-005,5.300e-005,8.457e-005,1.240e-004,1.494e-004,1.824e-004,2.248e-004,2.524e-004,2.731e-004,3.022e-004,2.988e-007,4.976e-006,4.699e-006,6.384e-006,1.724e-006,1.043e-005,7.049e-006,3.167e-006,0.000e+000,1.927e-005,6.746e-006,4.497e-007,1.044e-006,0.000e+000,0.000e+000,1.117e-005,3.107e-006,9.716e-007,2.341e-006,1.968e-006,0.000e+000,1.246e-005,3.848e-007,2.270e-005,3.996e-005,7.077e-005,9.432e-005,1.338e-004,1.530e-004,1.861e-004,2.187e-004,2.588e-004,2.804e-004,1.520e-004,2.079e-004,2.538e-004,2.991e-004,3.070e-004,2.930e-004,2.498e-004,1.959e-004,1.403e-004,7.832e-005,4.386e-005,1.654e-005,1.127e-005,2.413e-005,5.288e-005,9.210e-005,1.517e-004,1.347e-005,1.562e-005,1.768e-005,1.655e-005,1.458e-005,2.727e-005,1.468e-004,2.714e-004,2.952e-004,2.937e-004,2.889e-004,2.962e-004,2.982e-004,1.284e-005,6.297e-006,2.843e-004,3.142e-004,6.596e-007,1.512e-004
428,1.022e-006,4.872e-005,9.866e-005,1.507e-004,2.147e-004,2.829e-004,3.428e-004,4.021e-004,4.609e-004,5.286e-004,5.843e-004,1.034e-006,7.809e-006,7.689e-006,1.029e-005,1.012e-005,1.766e-005,1.518e-005,1.875e-006,4.830e-006,2.585e-005,1.857e-005,1.053e-006,1.886e-006,0.000e+000,2.855e-006,9.959e-006,6.324e-006,5.092e-006,3.911e-006,5.500e-006,6.541e-006,1.810e-005,8.896e-007,4.299e-005,8.299e-005,1.321e-004,1.822e-004,2.518e-004,2.995e-004,3.472e-004,4.208e-004,4.874e-004,5.471e-004,2.826e-004,3.879e-004,4.781e-004,5.652e-004,5.795e-004,5.565e-004,4.704e-004,3.708e-004,2.648e-004,1.475e-004,7.908e-005,2.838e-005,1.815e-005,4.165e-005,9.540e-005,1.657e-004,2.829e-004,2.273e-005,2.519e-005,2.735e-005,2.648e-005,2.152e-005,4.590e-005,2.742e-004,5.254e-004,5.654e-004,5.596e-004,5.513e-004,5.615e-004,5.731e-004,2.078e-005,1.010e-005,5.421e-004,5.931e-004,1.293e-006,2.838e-004
432,1.966e-006,8.893e-005,1.807e-004,2.734e-004,3.896e-004,5.176e-004,6.294e-004,7.275e-004,8.352e-004,9.842e-004,1.091e-003,2.065e-006,1.247e-005,1.219e-005,1.608e-005,1.280e-005,3.101e-005,2.482e-005,1.736e-005,2.413e-005,3.955e-005,2.928e-005,1.922e-006,3.928e-006,0.000e+000,1.013e-005,1.105e-005,7.863e-006,8.710e-006,7.664e-006,1.267e-005,4.915e-006,2.096e-005,2.007e-006,7.881e-005,1.591e-004,2.404e-004,3.365e-004,4.668e-004,5.569e-004,6.334e-004,7.682e-004,8.939e-004,1.005e-003,5.187e-004,7.128e-004,8.823e-004,1.045e-003,1.075e-003,1.032e-003,8.701e-004,6.830e-004,4.907e-004,2.732e-004,1.441e-004,5.025e-005,3.024e-005,7.244e-005,1.703e-004,3.049e-004,5.189e-004,3.445e-005,4.010e-005,4.587e-005,4.155e-005,2.999e-005,8.390e-005,5.053e-004,9.726e-004,1.055e-003,1.044e-003,1.026e-003,1.043e-003,1.051e-003,3.327e-005,1.715e-005,1.016e-003,1.100e-003,2.553e-006,5.194e-004
436,3.587e-006,1.522e-004,3.103e-004,4.634e-004,6.677e-004,8.913e-004,1.077e-003,1.268e-003,1.453e-003,1.706e-003,1.913e-003,3.356e-006,1.804e-005,1.803e-005,2.349e-005,2.399e-005,4.134e-005,4.134e-005,3.503e-005,3.939e-005,5.699e-005,4.612e-005,3.736e-006,6.732e-006,3.059e-007,1.181e-005,2.339e-005,2.075e-005,2.673e-005,2.489e-005,2.401e-005,1.974e-005,1.822e-005,3.665e-006,1.361e-004,2.851e-004,4.105e-004,5.872e-004,8.084e-004,9.818e-004,1.130e-003,1.323e-003,1.559e-003,1.769e-003,8.938e-004,1.230e-003,1.535e-003,1.823e-003,1.874e-003,1.805e-003,1.516e-003,1.195e-003,8.549e-004,4.747e-004,2.490e-004,8.515e-005,4.937e-005,1.191e-004,2.874e-004,5.205e-004,8.950e-004,5.059e-005,6.350e-005,7.293e-005,7.222e-005,5.510e-005,1.462e-004,8.788e-004,1.708e-003,1.852e-003,1.831e-003,1.794e-003,1.820e-003,1.830e-003,4.931e-005,3.176e-005,1.777e-003,1.919e-003,3.961e-006,8.979e-004
440,5.297e-006,2.140e-004,4.364e-004,6.545e-004,9.342e-004,1.257e-003,1.535e-003,1.786e-003,2.057e-003,2.412e-003,2.707e-003,4.957e-006,2.206e-005,2.242e-005,2.894e-005,3.335e-005,4.887e-005,5.055e-005,4.251e-005,5.213e-005,6.048e-005,5.755e-005,5.305e-006,9.763e-006,3.901e-006,1.997e-005,2.810e-005,2.968e-005,3.633e-005,3.889e-005,3.689e-005,3.881e-005,5.329e-005,5.273e-006,1.918e-004,3.890e-004,5.853e-004,8.341e-004,1.126e-003,1.382e-003,1.585e-003,1.865e-003,2.209e-003,2.515e-003,1.256e-003,1.737e-003,2.173e-003,2.589e-003,2.663e-003,2.565e-003,2.151e-003,1.695e-003,1.213e-003,6.734e-004,3.546e-004,1.218e-004,6.732e-005,1.643e-004,3.998e-004,7.277e-004,1.261e-003,6.079e-005,8.272e-005,9.923e-005,9.748e-005,7.618e-005,2.127e-004,1.247e-003,2.432e-003,2.640e-003,2.609e-003,2.553e-003,2.577e-003,2.596e-003,5.982e-005,4.934e-005,2.530e-003,2.730e-003,5.194e-006,1.265e-003
444,6.363e-006,2.558e-004,5.228e-004,7.865e-004,1.124e-003,1.511e-003,1.846e-003,2.147e-003,2.488e-003,2.910e-003,3.301e-003,6.209e-006,2.361e-005,2.385e-005,3.065e-005,3.673e-005,4.764e-005,5.171e-005,4.558e-005,6.325e-005,5.966e-005,5.908e-005,6.336e-006,1.212e-005,1.111e-005,2.366e-005,3.778e-005,4.246e-005,4.084e-005,5.188e-005,5.805e-005,5.512e-005,7.338e-005,6.286e-006,2.302e-004,4.678e-004,6.972e-004,1.002e-003,1.364e-003,1.675e-003,1.918e-003,2.260e-003,2.667e-003,3.057e-003,1.508e-003,2.092e-003,2.622e-003,3.137e-003,3.232e-003,3.111e-003,2.602e-003,2.048e-003,1.464e-003,8.135e-004,4.270e-004,1.453e-004,7.813e-005,1.924e-004,4.744e-004,8.684e-004,1.515e-003,6.463e-005,9.265e-005,1.135e-004,1.122e-004,9.204e-005,2.597e-004,1.506e-003,2.955e-003,3.210e-003,3.170e-003,3.094e-003,3.126e-003,3.141e-003,6.329e-005,6.378e-005,3.070e-003,3.312e-003,6.401e-006,1.520e-003
448,6.604e-006,2.645e-004,5.417e-004,8.108e-004,1.165e-003,1.569e-003,1.925e-003,2.244e-003,2.605e-003,3.054e-003,3.469e-003,6.394e-006,2.223e-005,2.263e-005,2.856e-005,3.454e-005,4.286e-005,4.395e-005,4.111e-005,5.949e-005,4.924e-005,5.891e-005,6.683e-006,1.269e-005,1.432e-005,2.396e-005,3.655e-005,4.818e-005,4.911e-005,5.532e-005,6.215e-005,5.757e-005,6.939e-005,6.515e-006,2.391e-004,4.884e-004,7.273e-004,1.042e-003,1.433e-003,1.729e-003,2.010e-003,2.370e-003,2.808e-003,3.216e-003,1.567e-003,2.182e-003,2.742e-003,3.292e-003,3.393e-003,3.267e-003,2.727e-003,2.143e-003,1.529e-003,8.489e-004,4.436e-004,1.486e-004,7.739e-005,1.951e-004,4.866e-004,8.979e-004,1.576e-003,6.085e-005,8.951e-005,1.129e-004,1.121e-004,9.343e-005,2.716e-004,1.573e-003,3.105e-003,3.377e-003,3.333e-003,3.251e-003,3.280e-003,3.295e-003,5.969e-005,6.855e-005,3.229e-003,3.479e-003,6.576e-006,1.581e-003
452,5.985e-006,2.372e-004,4.862e-004,7.242e-004,1.048e-003,1.414e-003,1.740e-003,2.027e-003,2.357e-003,2.769e-003,3.142e-003,5.598e-006,1.808e-005,1.838e-005,2.329e-005,2.614e-005,3.586e-005,3.185e-005,3.053e-005,5.105e-005,3.461e-005,4.648e-005,6.063e-006,1.157e-005,1.091e-005,1.800e-005,2.705e-005,4.554e-005,4.520e-005,5.059e-005,5.451e-005,4.990e-005,6.328e-005,5.847e-006,2.152e-004,4.415e-004,6.532e-004,9.418e-004,1.292e-003,1.568e-003,1.813e-003,2.148e-003,2.542e-003,2.925e-003,1.410e-003,1.972e-003,2.481e-003,2.986e-003,3.081e-003,2.966e-003,2.472e-003,1.941e-003,1.383e-003,7.668e-004,4.011e-004,1.343e-004,6.887e-005,1.728e-004,4.346e-004,8.054e-004,1.420e-003,4.945e-005,7.651e-005,9.972e-005,1.000e-004,8.433e-005,2.471e-004,1.424e-003,2.821e-003,3.071e-003,3.029e-003,2.951e-003,2.974e-003,2.987e-003,4.855e-005,6.571e-005,2.930e-003,3.159e-003,5.634e-006,1.424e-003
456,4.694e-006,1.905e-004,3.911e-004,5.838e-004,8.440e-004,1.145e-003,1.406e-003,1.647e-003,1.914e-003,2.253e-003,2.544e-003,4.484e-006,1.340e-005,1.384e-005,1.726e-005,1.833e-005,3.189e-005,2.521e-005,1.968e-005,4.466e-005,2.760e-005,3.559e-005,4.900e-006,1.023e-005,7.454e-006,2.083e-005,2.886e-005,4.111e-005,4.249e-005,5.123e-005,5.397e-005,4.969e-005,5.996e-005,4.633e-006,1.725e-004,3.518e-004,5.205e-004,7.740e-004,1.041e-003,1.268e-003,1.462e-003,1.737e-003,2.056e-003,2.375e-003,1.136e-003,1.591e-003,2.005e-003,2.417e-003,2.498e-003,2.404e-003,2.004e-003,1.569e-003,1.119e-003,6.247e-004,3.295e-004,1.147e-004,6.069e-005,1.426e-004,3.522e-004,6.483e-004,1.146e-003,3.599e-005,6.473e-005,8.749e-005,9.044e-005,7.947e-005,2.118e-004,1.157e-003,2.292e-003,2.493e-003,2.453e-003,2.387e-003,2.401e-003,2.413e-003,3.620e-005,6.611e-005,2.371e-003,2.566e-003,4.594e-006,1.150e-003
460,3.372e-006,1.393e-004,2.867e-004,4.320e-004,6.203e-004,8.398e-004,1.031e-003,1.210e-003,1.422e-003,1.663e-003,1.892e-003,3.282e-006,9.114e-006,9.207e-006,1.159e-005,1.399e-005,1.498e-005,1.393e-005,1.233e-005,2.758e-005,1.354e-005,2.768e-005,3.401e-006,1.032e-005,1.412e-005,2.392e-005,2.775e-005,4.672e-005,5.662e-005,5.983e-005,6.886e-005,6.238e-005,8.367e-005,3.366e-006,1.238e-004,2.536e-004,3.731e-004,5.535e-004,7.452e-004,9.182e-004,1.055e-003,1.252e-003,1.487e-003,1.744e-003,8.314e-004,1.158e-003,1.461e-003,1.768e-003,1.828e-003,1.761e-003,1.467e-003,1.155e-003,8.269e-004,4.704e-004,2.597e-004,1.029e-004,6.253e-005,1.205e-004,2.691e-004,4.788e-004,8.431e-004,2.530e-005,5.915e-005,9.043e-005,9.673e-005,8.224e-005,1.835e-004,8.669e-004,1.694e-003,1.835e-003,1.791e-003,1.731e-003,1.742e-003,1.749e-003,2.503e-005,8.058e-005,1.719e-003,1.893e-003,3.130e-006,8.446e-004
464,2.521e-006,1.070e-004,2.219e-004,3.303e-004,4.843e-004,6.510e-004,8.090e-004,9.425e-004,1.086e-003,1.289e-003,1.456e-003,2.266e-006,6.658e-006,6.352e-006,8.451e-006,1.299e-005,1.482e-005,9.671e-006,7.819e-006,2.574e-005,1.376e-005,2.075e-005,2.943e-006,1.222e-005,2.035e-005,3.167e-005,4.497e-005,6.496e-005,7.590e-005,9.104e-005,8.981e-005,9.430e-005,1.137e-004,2.452e-006,9.161e-005,1.884e-004,2.767e-004,4.084e-004,5.559e-004,6.865e-004,7.863e-004,9.328e-004,1.104e-003,1.277e-003,6.327e-004,8.757e-004,1.102e-003,1.337e-003,1.383e-003,1.336e-003,1.119e-003,8.889e-004,6.469e-004,3.836e-004,2.282e-004,1.115e-004,7.926e-005,1.188e-004,2.238e-004,3.778e-004,6.507e-004,1.966e-005,6.592e-005,1.117e-004,1.241e-004,1.207e-004,1.876e-004,6.935e-004,1.311e-003,1.402e-003,1.345e-003,1.286e-003,1.294e-003,1.301e-003,1.798e-005,1.122e-004,1.279e-003,1.459e-003,2.320e-006,6.525e-004
468,1.954e-006,8.510e-005,1.773e-004,2.591e-004,3.805e-004,5.198e-004,6.290e-004,7.446e-004,8.707e-004,1.022e-003,1.140e-003,1.942e-006,4.696e-006,4.846e-006,6.210e-006,5.618e-006,9.220e-006,6.064e-006,1.490e-006,2.445e-005,0.000e+000,8.172e-006,2.343e-006,1.527e-005,2.717e-005,4.671e-005,5.868e-005,8.516e-005,1.083e-004,1.245e-004,1.226e-004,1.353e-004,1.545e-004,1.950e-006,6.698e-005,1.356e-004,2.038e-004,3.031e-004,4.177e-004,5.004e-004,5.678e-004,6.830e-004,8.163e-004,9.402e-004,4.929e-004,6.698e-004,8.372e-004,1.013e-003,1.053e-003,1.021e-003,8.653e-004,6.996e-004,5.227e-004,3.311e-004,2.184e-004,1.304e-004,1.050e-004,1.295e-004,2.014e-004,3.067e-004,5.168e-004,1.492e-005,8.106e-005,1.452e-004,1.686e-004,1.624e-004,2.108e-004,5.823e-004,1.040e-003,1.084e-003,1.008e-003,9.479e-004,9.529e-004,9.608e-004,1.328e-005,1.575e-004,9.387e-004,1.149e-003,1.928e-006,5.187e-004
472,1.620e-006,6.908e-005,1.452e-004,2.147e-004,3.062e-004,4.242e-004,5.122e-004,6.109e-004,7.011e-004,8.208e-004,9.245e-004,1.542e-006,3.539e-006,3.495e-006,4.710e-006,0.000e+000,4.154e-006,1.171e-005,5.153e-006,2.321e-005,0.000e+000,7.021e-006,1.604e-006,1.864e-005,3.124e-005,5.481e-005,7.505e-005,1.111e-004,1.396e-004,1.556e-004,1.645e-004,1.765e-004,2.052e-004,1.504e-006,4.821e-005,9.686e-005,1.511e-004,2.214e-004,3.022e-004,3.496e-004,4.023e-004,4.945e-004,5.914e-004,6.951e-004,3.895e-004,5.165e-004,6.371e-004,7.678e-004,8.004e-004,7.847e-004,6.762e-004,5.587e-004,4.360e-004,2.993e-004,2.190e-004,1.540e-004,1.322e-004,1.447e-004,1.903e-004,2.579e-004,4.208e-004,1.089e-005,9.764e-005,1.825e-004,2.146e-004,2.097e-004,2.421e-004,5.099e-004,8.407e-004,8.447e-004,7.501e-004,6.862e-004,6.884e-004,6.945e-004,9.764e-006,2.058e-004,6.756e-004,9.224e-004,1.517e-006,4.230e-004
476,1.228e-006,5.892e-005,1.252e-004,1.714e-004,2.642e-004,3.636e-004,4.348e-004,5.295e-004,5.964e-004,6.967e-004,7.690e-004,1.095e-006,2.670e-006,2.763e-006,3.862e-006,2.623e-006,2.854e-006,1.508e-005,9.897e-006,2.429e-005,0.000e+000,6.283e-006,1.526e-006,2.202e-005,3.610e-005,6.611e-005,9.307e-005,1.376e-004,1.712e-004,1.866e-004,2.010e-004,2.170e-004,2.561e-004,1.130e-006,3.499e-005,6.905e-005,1.225e-004,1.602e-004,2.209e-004,2.535e-004,2.907e-004,3.558e-004,4.391e-004,5.054e-004,3.292e-004,4.145e-004,5.012e-004,6.017e-004,6.299e-004,6.189e-004,5.523e-004,4.714e-004,3.827e-004,2.849e-004,2.276e-004,1.786e-004,1.592e-004,1.624e-004,1.887e-004,2.320e-004,3.613e-004,8.587e-006,1.124e-004,2.192e-004,2.563e-004,2.534e-004,2.770e-004,4.733e-004,7.167e-004,6.870e-004,5.744e-004,5.033e-004,5.034e-004,5.094e-004,8.534e-006,2.526e-004,4.974e-004,7.782e-004,1.041e-006,3.626e-004
480,8.831e-007,5.343e-005,1.147e-004,1.560e-004,2.407e-004,3.309e-004,4.011e-004,4.865e-004,5.461e-004,6.489e-004,6.926e-004,9.147e-007,1.954e-006,2.368e-006,3.288e-006,6.658e-006,2.861e-006,7.883e-006,2.506e-006,2.197e-005,0.000e+000,4.370e-006,1.640e-006,2.488e-005,4.887e-005,8.062e-005,1.044e-004,1.598e-004,1.953e-004,2.132e-004,2.357e-004,2.626e-004,2.857e-004,1.010e-006,2.750e-005,5.155e-005,8.233e-005,1.241e-004,1.762e-004,1.989e-004,2.267e-004,2.731e-004,2.795e-004,3.859e-004,2.841e-004,3.518e-004,4.202e-004,5.002e-004,5.251e-004,5.262e-004,4.782e-004,4.220e-004,3.555e-004,2.829e-004,2.412e-004,2.025e-004,1.833e-004,1.792e-004,1.927e-004,2.205e-004,3.296e-004,6.825e-006,1.283e-004,2.512e-004,2.973e-004,2.951e-004,3.122e-004,4.623e-004,6.500e-004,5.950e-004,4.613e-004,3.797e-004,3.895e-004,3.905e-004,7.261e-006,2.945e-004,3.818e-004,6.967e-004,1.706e-007,3.283e-004
484,1.067e-006,5.149e-005,1.117e-004,1.641e-004,2.338e-004,3.189e-004,3.927e-004,4.633e-004,5.293e-004,5.956e-004,6.683e-004,6.479e-007,1.758e-006,1.852e-006,2.520e-006,8.945e-006,6.491e-006,7.768e-006,2.498e-008,2.261e-005,0.000e+000,3.312e-007,1.187e-006,2.808e-005,5.619e-005,8.714e-005,1.150e-004,1.745e-004,2.190e-004,2.443e-004,2.591e-004,3.086e-004,3.443e-004,9.793e-007,2.213e-005,3.928e-005,6.213e-005,9.939e-005,1.504e-004,1.663e-004,1.752e-004,2.107e-004,2.657e-004,3.074e-004,2.681e-004,3.213e-004,3.740e-004,4.447e-004,4.679e-004,4.768e-004,4.482e-004,4.020e-004,3.510e-004,3.002e-004,2.615e-004,2.285e-004,2.089e-004,2.010e-004,2.048e-004,2.205e-004,3.185e-004,9.765e-006,1.455e-004,2.888e-004,3.448e-004,3.427e-004,3.557e-004,4.780e-004,6.311e-004,5.542e-004,4.009e-004,3.144e-004,3.165e-004,3.199e-004,5.963e-006,3.415e-004,3.093e-004,6.739e-004,7.387e-007,3.194e-004
488,1.137e-006,5.355e-005,1.170e-004,1.659e-004,2.470e-004,3.407e-004,4.091e-004,4.852e-004,5.455e-004,6.311e-004,6.954e-004,8.188e-007,1.628e-006,1.731e-006,2.640e-006,3.077e-006,1.723e-006,1.385e-005,7.132e-007,2.360e-005,0.000e+000,3.885e-006,1.448e-006,3.203e-005,6.389e-005,1.064e-004,1.371e-004,1.958e-004,2.512e-004,2.867e-004,3.034e-004,3.509e-004,4.151e-004,8.126e-007,1.977e-005,3.634e-005,5.547e-005,9.742e-005,1.202e-004,1.493e-004,1.619e-004,2.011e-004,2.519e-004,2.904e-004,2.725e-004,3.184e-004,3.695e-004,4.347e-004,4.606e-004,4.754e-004,4.493e-004,4.168e-004,3.698e-004,3.219e-004,2.925e-004,2.610e-004,2.397e-004,2.277e-004,2.253e-004,2.332e-004,3.340e-004,6.895e-006,1.667e-004,3.338e-004,4.014e-004,4.000e-004,4.120e-004,5.221e-004,6.614e-004,5.653e-004,3.836e-004,2.874e-004,2.882e-004,2.922e-004,6.070e-006,3.970e-004,2.830e-004,7.004e-004,8.390e-007,3.328e-004
492,1.089e-006,5.954e-005,1.301e-004,1.824e-004,2.694e-004,3.712e-004,4.469e-004,5.293e-004,6.086e-004,7.175e-004,7.754e-004,1.131e-006,1.736e-006,1.807e-006,2.639e-006,4.635e-006,4.675e-006,6.657e-006,3.375e-006,1.712e-005,0.000e+000,1.037e-005,1.437e-006,3.821e-005,7.674e-005,1.255e-004,1.642e-004,2.368e-004,2.991e-004,3.357e-004,3.719e-004,4.341e-004,4.811e-004,1.052e-006,1.934e-005,4.139e-005,5.360e-005,9.217e-005,1.167e-004,1.471e-004,1.703e-004,2.067e-004,2.429e-004,2.829e-004,2.960e-004,3.410e-004,3.915e-004,4.589e-004,4.884e-004,5.083e-004,4.870e-004,4.595e-004,4.162e-004,3.698e-004,3.439e-004,3.102e-004,2.865e-004,2.694e-004,2.618e-004,2.634e-004,3.712e-004,5.429e-006,1.984e-004,3.997e-004,4.840e-004,4.837e-004,4.928e-004,5.996e-004,7.389e-004,6.055e-004,3.960e-004,2.828e-004,2.844e-004,2.881e-004,5.667e-006,4.792e-004,2.789e-004,7.778e-004,8.554e-007,3.704e-004
496,1.259e-006,6.885e-005,1.511e-004,2.163e-004,3.153e-004,4.315e-004,5.171e-004,6.155e-004,7.055e-004,8.299e-004,8.996e-004,1.183e-006,1.686e-006,1.979e-006,2.620e-006,2.192e-006,2.477e-006,5.099e-006,4.328e-006,1.690e-005,1.913e-006,5.259e-006,1.490e-006,4.643e-005,1.000e-004,1.523e-004,2.086e-004,2.894e-004,3.636e-004,4.111e-004,4.472e-004,5.343e-004,5.936e-004,1.310e-006,2.006e-005,4.442e-005,5.820e-005,9.520e-005,1.291e-004,1.498e-004,1.737e-004,2.068e-004,2.441e-004,2.953e-004,3.370e-004,3.817e-004,4.339e-004,5.049e-004,5.417e-004,5.670e-004,5.524e-004,5.294e-004,4.888e-004,4.445e-004,4.168e-004,3.803e-004,3.529e-004,3.286e-004,3.150e-004,3.095e-004,4.283e-004,5.339e-006,2.430e-004,4.934e-004,5.981e-004,5.995e-004,6.100e-004,7.198e-004,8.651e-004,6.880e-004,4.292e-004,2.920e-004,2.926e-004,2.963e-004,5.911e-006,5.964e-004,2.870e-004,9.024e-004,9.039e-007,4.297e-004
500,1.423e-006,8.053e-005,1.782e-004,2.641e-004,3.747e-004,5.139e-004,6.158e-004,7.285e-004,8.266e-004,9.507e-004,1.081e-003,1.211e-006,1.883e-006,2.083e-006,2.828e-006,2.488e-005,8.275e-007,8.792e-006,1.321e-005,2.167e-005,1.027e-006,4.359e-006,1.687e-006,5.702e-005,1.202e-004,1.873e-004,2.580e-004,3.606e-004,4.473e-004,5.035e-004,5.579e-004,6.638e-004,7.486e-004,1.425e-006,2.090e-005,4.270e-005,5.825e-005,9.738e-005,1.495e-004,1.521e-004,1.769e-004,2.096e-004,2.527e-004,3.016e-004,3.955e-004,4.361e-004,4.888e-004,5.678e-004,6.078e-004,6.467e-004,6.388e-004,6.206e-004,5.814e-004,5.387e-004,5.110e-004,4.723e-004,4.382e-004,4.048e-004,3.850e-004,3.691e-004,5.057e-004,5.760e-006,2.981e-004,6.132e-004,7.508e-004,7.502e-004,7.636e-004,8.758e-004,1.025e-003,7.958e-004,4.702e-004,3.034e-004,3.053e-004,3.076e-004,5.817e-006,7.472e-004,3.007e-004,1.069e-003,1.420e-006,5.071e-004
504,1.821e-006,9.351e-005,2.073e-004,3.094e-004,4.281e-004,5.960e-004,7.164e-004,8.468e-004,9.501e-004,1.113e-003,1.265e-003,1.608e-006,2.155e-006,2.307e-006,2.988e-006,1.345e-005,2.864e-006,7.760e-006,3.300e-006,1.617e-005,0.000e+000,1.060e-005,1.743e-006,6.858e-005,1.501e-004,2.284e-004,3.057e-004,4.408e-004,5.516e-004,6.182e-004,6.894e-004,8.192e-004,9.214e-004,1.558e-006,2.109e-005,4.094e-005,5.511e-005,1.005e-004,1.401e-004,1.464e-004,1.851e-004,2.078e-004,2.644e-004,3.105e-004,4.550e-004,4.921e-004,5.449e-004,6.284e-004,6.816e-004,7.263e-004,7.290e-004,7.201e-004,6.855e-004,6.447e-004,6.196e-004,5.762e-004,5.353e-004,4.927e-004,4.600e-004,4.352e-004,5.904e-004,5.727e-006,3.629e-004,7.517e-004,9.347e-004,9.304e-004,9.407e-004,1.055e-003,1.212e-003,9.113e-004,5.118e-004,3.057e-004,3.101e-004,3.158e-004,5.904e-006,9.262e-004,3.052e-004,1.255e-003,1.444e-006,5.932e-004
508,1.820e-006,1.080e-004,2.400e-004,3.618e-004,5.034e-004,6.850e-004,8.429e-004,9.667e-004,1.097e-003,1.285e-003,1.465e-003,1.732e-006,2.645e-006,2.481e-006,3.286e-006,6.783e-006,4.784e-006,6.770e-006,1.033e-005,2.074e-005,5.802e-007,6.369e-006,1.900e-006,8.366e-005,1.871e-004,2.786e-004,3.824e-004,5.415e-004,6.645e-004,7.458e-004,8.291e-004,1.001e-003,1.144e-003,1.896e-006,2.053e-005,4.765e-005,5.931e-005,1.030e-004,1.273e-004,1.537e-004,1.638e-004,2.082e-004,2.458e-004,2.956e-004,5.176e-004,5.479e-004,6.025e-004,6.867e-004,7.483e-004,8.074e-004,8.229e-004,8.263e-004,7.992e-004,7.649e-004,7.446e-004,6.991e-004,6.507e-004,5.948e-004,5.479e-004,5.103e-004,6.810e-004,6.365e-006,4.396e-004,9.175e-004,1.146e-003,1.143e-003,1.152e-003,1.261e-003,1.420e-003,1.025e-003,5.419e-004,3.021e-004,3.027e-004,2.999e-004,5.052e-006,1.136e-003,2.966e-004,1.461e-003,1.350e-006,6.848e-004
512,1.894e-006,1.223e-004,2.721e-004,4.040e-004,5.595e-004,7.749e-004,9.438e-004,1.091e-003,1.242e-003,1.448e-003,1.650e-003,1.756e-006,2.574e-006,2.640e-006,3.373e-006,8.307e-006,3.214e-006,7.652e-006,3.036e-006,1.811e-005,3.498e-006,1.482e-005,2.013e-006,9.815e-005,2.197e-004,3.289e-004,4.507e-004,6.257e-004,7.694e-004,8.759e-004,9.790e-004,1.175e-003,1.342e-003,1.968e-006,1.921e-005,4.116e-005,5.144e-005,9.214e-005,1.256e-004,1.420e-004,1.704e-004,1.900e-004,2.297e-004,2.746e-004,5.767e-004,5.982e-004,6.481e-004,7.347e-004,8.014e-004,8.748e-004,9.082e-004,9.246e-004,9.058e-004,8.812e-004,8.658e-004,8.163e-004,7.633e-004,6.949e-004,6.338e-004,5.800e-004,7.677e-004,6.792e-006,5.158e-004,1.077e-003,1.349e-003,1.345e-003,1.352e-003,1.454e-003,1.594e-003,1.129e-003,5.629e-004,2.800e-004,2.811e-004,2.824e-004,7.131e-006,1.338e-003,2.771e-004,1.640e-003,1.712e-006,7.714e-004
516,2.075e-006,1.334e-004,2.992e-004,4.451e-004,6.268e-004,8.553e-004,1.040e-003,1.204e-003,1.368e-003,1.584e-003,1.825e-003,1.997e-006,2.805e-006,2.672e-006,3.629e-006,5.784e-006,6.442e-006,1.013e-005,2.795e-006,2.051e-005,2.298e-006,4.988e-006,2.079e-006,1.108e-004,2.537e-004,3.696e-004,5.161e-004,7.111e-004,8.785e-004,1.003e-003,1.130e-003,1.359e-003,1.547e-003,2.067e-006,1.766e-005,3.665e-005,4.834e-005,8.222e-005,1.024e-004,1.305e-004,1.570e-004,1.740e-004,2.045e-004,2.476e-004,6.285e-004,6.411e-004,6.848e-004,7.710e-004,8.447e-004,9.324e-004,9.856e-004,1.016e-003,1.009e-003,9.955e-004,9.847e-004,9.332e-004,8.738e-004,7.925e-004,7.170e-004,6.461e-004,8.493e-004,6.973e-006,5.879e-004,1.235e-003,1.556e-003,1.552e-003,1.557e-003,1.646e-003,1.774e-003,1.225e-003,5.727e-004,2.530e-004,2.527e-004,2.564e-004,7.173e-006,1.544e-003,2.518e-004,1.818e-003,1.828e-006,8.526e-004
520,2.253e-006,1.422e-004,3.197e-004,4.761e-004,6.781e-004,9.198e-004,1.129e-003,1.298e-003,1.462e-003,1.726e-003,1.979e-003,2.189e-006,3.008e-006,2.955e-006,3.791e-006,7.852e-006,2.689e-006,9.636e-006,4.328e-006,1.673e-005,4.435e-006,7.250e-006,2.287e-006,1.208e-004,2.770e-004,4.074e-004,5.633e-004,7.815e-004,9.723e-004,1.107e-003,1.249e-003,1.504e-003,1.728e-003,2.179e-006,1.594e-005,3.475e-005,4.521e-005,8.008e-005,8.690e-005,1.150e-004,1.405e-004,1.585e-004,1.876e-004,2.246e-004,6.680e-004,6.711e-004,7.136e-004,7.914e-004,8.728e-004,9.714e-004,1.043e-003,1.090e-003,1.093e-003,1.088e-003,1.083e-003,1.030e-003,9.653e-004,8.720e-004,7.825e-004,6.976e-004,9.125e-004,7.519e-006,6.451e-004,1.372e-003,1.742e-003,1.738e-003,1.740e-003,1.819e-003,1.930e-003,1.298e-003,5.723e-004,2.259e-004,2.281e-004,2.286e-004,7.787e-006,1.728e-003,2.213e-004,1.975e-003,1.917e-006,9.154e-004
524,2.434e-006,1.505e-004,3.380e-004,5.090e-004,7.167e-004,9.721e-004,1.190e-003,1.376e-003,1.551e-003,1.824e-003,2.119e-003,2.405e-006,3.157e-006,3.140e-006,3.988e-006,5.956e-006,6.978e-006,4.422e-006,5.808e-006,1.311e-005,1.287e-005,1.102e-005,2.285e-006,1.304e-004,2.990e-004,4.371e-004,6.109e-004,8.413e-004,1.041e-003,1.192e-003,1.349e-003,1.629e-003,1.878e-003,2.097e-006,1.410e-005,3.204e-005,3.995e-005,6.695e-005,7.539e-005,9.901e-005,1.246e-004,1.402e-004,1.636e-004,1.970e-004,6.997e-004,6.944e-004,7.306e-004,8.070e-004,8.956e-004,1.001e-003,1.088e-003,1.146e-003,1.157e-003,1.161e-003,1.161e-003,1.108e-003,1.039e-003,9.369e-004,8.371e-004,7.398e-004,9.616e-004,7.870e-006,6.934e-004,1.482e-003,1.895e-003,1.890e-003,1.890e-003,1.961e-003,2.057e-003,1.353e-003,5.696e-004,1.991e-004,2.021e-004,2.022e-004,8.127e-006,1.878e-003,1.952e-004,2.096e-003,2.081e-006,9.645e-004
528,2.329e-006,1.562e-004,3.520e-004,5.300e-004,7.129e-004,9.985e-004,1.229e-003,1.427e-003,1.629e-003,1.907e-003,2.212e-003,2.350e-006,3.148e-006,3.323e-006,3.988e-006,7.616e-006,1.198e-005,9.285e-006,4.771e-006,1.956e-005,7.679e-006,1.016e-005,2.307e-006,1.381e-004,3.225e-004,4.566e-004,6.423e-004,8.875e-004,1.096e-003,1.259e-003,1.424e-003,1.733e-003,2.004e-003,2.327e-006,1.217e-005,2.755e-005,3.416e-005,5.295e-005,6.682e-005,7.926e-005,1.036e-004,1.170e-004,1.370e-004,1.712e-004,7.216e-004,7.088e-004,7.408e-004,8.130e-004,9.031e-004,1.020e-003,1.119e-003,1.186e-003,1.207e-003,1.219e-003,1.224e-003,1.171e-003,1.099e-003,9.889e-004,8.800e-004,7.737e-004,9.985e-004,8.238e-006,7.334e-004,1.569e-003,2.017e-003,2.009e-003,2.009e-003,2.067e-003,2.150e-003,1.390e-003,5.644e-004,1.702e-004,1.736e-004,1.729e-004,7.670e-006,1.998e-003,1.652e-004,2.192e-003,2.174e-006,1.004e-003
532,2.306e-006,1.579e-004,3.562e-004,5.415e-004,7.452e-004,1.016e-003,1.251e-003,1.441e-003,1.645e-003,1.935e-003,2.237e-003,2.596e-006,3.147e-006,3.231e-006,3.837e-006,5.923e-006,5.744e-006,1.182e-005,9.201e-006,1.512e-005,1.416e-005,4.459e-006,2.288e-006,1.415e-004,3.267e-004,4.693e-004,6.678e-004,9.151e-004,1.128e-003,1.296e-003,1.478e-003,1.792e-003,2.069e-003,2.369e-006,1.043e-005,2.214e-005,2.633e-005,4.452e-005,4.580e-005,7.107e-005,9.277e-005,1.002e-004,1.084e-004,1.303e-004,7.266e-004,7.083e-004,7.317e-004,8.044e-004,8.932e-004,1.014e-003,1.124e-003,1.200e-003,1.228e-003,1.249e-003,1.258e-003,1.206e-003,1.131e-003,1.016e-003,9.016e-004,7.878e-004,1.014e-003,7.990e-006,7.543e-004,1.621e-003,2.090e-003,2.085e-003,2.083e-003,2.126e-003,2.193e-003,1.396e-003,5.419e-004,1.398e-004,1.420e-004,1.429e-004,7.655e-006,2.071e-003,1.356e-004,2.235e-003,2.054e-006,1.019e-003
536,2.294e-006,1.585e-004,3.580e-004,5.381e-004,7.522e-004,1.025e-003,1.261e-003,1.448e-003,1.654e-003,1.947e-003,2.270e-003,2.203e-006,3.132e-006,2.941e-006,3.703e-006,5.591e-006,3.874e-006,7.825e-006,5.905e-006,1.710e-005,1.462e-005,8.157e-006,2.246e-006,1.435e-004,3.229e-004,4.815e-004,6.788e-004,9.264e-004,1.149e-003,1.316e-003,1.504e-003,1.825e-003,2.117e-003,2.197e-006,9.019e-006,1.737e-005,2.353e-005,3.983e-005,4.089e-005,5.732e-005,6.907e-005,8.338e-005,8.594e-005,1.118e-004,7.271e-004,7.014e-004,7.207e-004,7.904e-004,8.782e-004,1.003e-003,1.121e-003,1.202e-003,1.239e-003,1.265e-003,1.277e-003,1.227e-003,1.151e-003,1.033e-003,9.140e-004,7.929e-004,1.020e-003,7.366e-006,7.664e-004,1.651e-003,2.141e-003,2.133e-003,2.126e-003,2.163e-003,2.218e-003,1.391e-003,5.212e-004,1.131e-004,1.155e-004,1.166e-004,7.294e-006,2.120e-003,1.095e-004,2.255e-003,2.117e-006,1.024e-003
540,2.242e-006,1.550e-004,3.518e-004,5.279e-004,7.429e-004,1.012e-003,1.248e-003,1.440e-003,1.634e-003,1.949e-003,2.259e-003,2.132e-006,3.091e-006,3.003e-006,3.622e-006,6.638e-006,6.808e-006,1.019e-005,3.918e-006,1.426e-005,1.301e-005,1.022e-005,2.124e-006,1.420e-004,3.229e-004,4.781e-004,6.749e-004,9.243e-004,1.154e-003,1.323e-003,1.512e-003,1.829e-003,2.142e-003,2.149e-006,7.190e-006,1.558e-005,1.558e-005,3.060e-005,3.293e-005,4.357e-005,5.641e-005,6.975e-005,7.154e-005,8.547e-005,7.129e-004,6.832e-004,6.973e-004,7.581e-004,8.502e-004,9.760e-004,1.099e-003,1.188e-003,1.232e-003,1.261e-003,1.278e-003,1.228e-003,1.152e-003,1.032e-003,9.097e-004,7.839e-004,1.008e-003,7.737e-006,7.639e-004,1.658e-003,2.157e-003,2.153e-003,2.144e-003,2.173e-003,2.214e-003,1.366e-003,4.924e-004,8.681e-005,9.079e-005,9.008e-005,6.909e-006,2.139e-003,8.346e-005,2.249e-003,1.996e-006,1.012e-003
544,2.038e-006,1.490e-004,3.389e-004,5.114e-004,7.239e-004,9.789e-004,1.210e-003,1.403e-003,1.598e-003,1.905e-003,2.224e-003,2.178e-006,2.922e-006,2.828e-006,3.409e-006,4.257e-006,4.324e-006,8.316e-006,4.088e-006,9.675e-006,1.335e-005,6.950e-006,1.950e-006,1.378e-004,3.154e-004,4.652e-004,6.575e-004,9.051e-004,1.126e-003,1.296e-003,1.485e-003,1.810e-003,2.127e-003,2.028e-006,5.939e-006,1.093e-005,1.359e-005,2.277e-005,2.481e-005,2.705e-005,3.278e-005,5.047e-005,5.658e-005,6.259e-005,6.855e-004,6.525e-004,6.624e-004,7.160e-004,8.060e-004,9.333e-004,1.058e-003,1.154e-003,1.197e-003,1.233e-003,1.251e-003,1.204e-003,1.129e-003,1.009e-003,8.862e-004,7.613e-004,9.764e-004,7.193e-006,7.444e-004,1.634e-003,2.142e-003,2.138e-003,2.128e-003,2.146e-003,2.178e-003,1.317e-003,4.568e-004,6.200e-005,6.765e-005,6.649e-005,6.890e-006,2.123e-003,6.099e-005,2.209e-003,1.962e-006,9.802e-004
548,2.080e-006,1.431e-004,3.247e-004,4.931e-004,6.890e-004,9.350e-004,1.160e-003,1.336e-003,1.530e-003,1.822e-003,2.147e-003,1.991e-006,2.793e-006,2.901e-006,3.085e-006,3.693e-006,5.473e-007,6.148e-006,5.535e-006,6.328e-006,1.371e-005,3.645e-006,1.832e-006,1.333e-004,3.077e-004,4.486e-004,6.356e-004,8.653e-004,1.082e-003,1.249e-003,1.434e-003,1.745e-003,2.060e-003,1.933e-006,4.422e-006,7.638e-006,7.853e-006,1.072e-005,1.892e-005,2.175e-005,3.187e-005,6.339e-005,3.218e-005,4.295e-005,6.536e-004,6.173e-004,6.248e-004,6.739e-004,7.583e-004,8.795e-004,1.005e-003,1.098e-003,1.145e-003,1.182e-003,1.203e-003,1.158e-003,1.086e-003,9.701e-004,8.502e-004,7.291e-004,9.317e-004,6.722e-006,7.166e-004,1.577e-003,2.082e-003,2.075e-003,2.066e-003,2.077e-003,2.097e-003,1.250e-003,4.227e-004,4.369e-005,4.879e-005,4.828e-005,6.711e-006,2.063e-003,4.145e-005,2.128e-003,2.214e-006,9.358e-004
552,1.859e-006,1.363e-004,3.089e-004,4.809e-004,6.472e-004,8.838e-004,1.103e-003,1.270e-003,1.441e-003,1.716e-003,2.033e-003,1.631e-006,2.775e-006,2.806e-006,3.043e-006,3.914e-006,5.801e-006,2.020e-005,9.754e-006,2.621e-006,1.402e-005,8.188e-006,1.792e-006,1.278e-004,2.993e-004,4.267e-004,6.080e-004,8.297e-004,1.029e-003,1.181e-003,1.358e-003,1.660e-003,1.960e-003,1.747e-006,3.293e-006,2.785e-006,8.354e-006,1.189e-005,1.037e-006,8.288e-007,3.060e-005,1.152e-005,2.558e-005,1.970e-005,6.194e-004,5.826e-004,5.874e-004,6.284e-004,7.096e-004,8.266e-004,9.456e-004,1.038e-003,1.082e-003,1.121e-003,1.141e-003,1.101e-003,1.033e-003,9.235e-004,8.091e-004,6.931e-004,8.796e-004,7.574e-006,6.854e-004,1.500e-003,1.982e-003,1.975e-003,1.966e-003,1.972e-003,1.984e-003,1.176e-003,3.899e-004,2.621e-005,3.327e-005,3.311e-005,6.991e-006,1.962e-003,2.586e-005,2.014e-003,1.874e-006,8.865e-004
556,1.672e-006,1.278e-004,2.907e-004,4.458e-004,6.158e-004,8.385e-004,1.038e-003,1.198e-003,1.368e-003,1.632e-003,1.932e-003,1.911e-006,2.903e-006,2.819e-006,3.216e-006,6.031e-006,2.548e-006,7.478e-006,1.218e-005,2.839e-006,2.080e-005,1.153e-005,1.664e-006,1.202e-004,2.813e-004,4.046e-004,5.768e-004,7.836e-004,9.767e-004,1.119e-003,1.293e-003,1.584e-003,1.867e-003,2.004e-006,2.598e-006,1.465e-006,5.160e-006,6.304e-006,5.772e-006,7.737e-006,2.250e-005,9.848e-006,1.466e-005,1.809e-005,5.854e-004,5.482e-004,5.517e-004,5.901e-004,6.667e-004,7.767e-004,8.940e-004,9.806e-004,1.025e-003,1.064e-003,1.083e-003,1.045e-003,9.817e-004,8.765e-004,7.678e-004,6.566e-004,8.360e-004,8.157e-006,6.497e-004,1.426e-003,1.888e-003,1.883e-003,1.873e-003,1.874e-003,1.884e-003,1.110e-003,3.615e-004,2.134e-005,2.553e-005,2.600e-005,7.949e-006,1.867e-003,1.786e-005,1.912e-003,1.713e-006,8.387e-004
560,1.454e-006,1.183e-004,2.698e-004,4.150e-004,5.728e-004,7.795e-004,9.735e-004,1.126e-003,1.282e-003,1.540e-003,1.818e-003,1.835e-006,3.207e-006,3.001e-006,3.516e-006,4.375e-006,4.944e-006,7.734e-006,8.903e-006,5.030e-006,1.627e-005,9.574e-006,1.402e-006,1.111e-004,2.616e-004,3.753e-004,5.358e-004,7.358e-004,9.122e-004,1.052e-003,1.217e-003,1.491e-003,1.767e-003,1.500e-006,2.144e-006,3.396e-006,2.764e-006,6.866e-006,6.585e-006,1.423e-005,1.934e-005,1.405e-005,1.113e-005,1.441e-005,5.449e-004,5.115e-004,5.137e-004,5.470e-004,6.202e-004,7.240e-004,8.342e-004,9.172e-004,9.601e-004,9.970e-004,1.016e-003,9.808e-004,9.201e-004,8.215e-004,7.192e-004,6.134e-004,7.803e-004,1.002e-005,6.085e-004,1.344e-003,1.789e-003,1.780e-003,1.769e-003,1.770e-003,1.778e-003,1.037e-003,3.329e-004,1.702e-005,2.259e-005,2.287e-005,9.562e-006,1.765e-003,1.375e-005,1.805e-003,1.442e-006,7.846e-004
564,1.311e-006,1.089e-004,2.483e-004,3.768e-004,5.303e-004,7.195e-004,9.006e-004,1.038e-003,1.195e-003,1.403e-003,1.695e-003,1.578e-006,3.750e-006,3.618e-006,4.284e-006,2.480e-006,7.087e-006,1.108e-005,1.343e-005,4.105e-006,2.400e-005,1.323e-005,1.182e-006,1.020e-004,2.392e-004,3.446e-004,4.954e-004,6.770e-004,8.395e-004,9.700e-004,1.125e-003,1.386e-003,1.645e-003,1.329e-006,1.764e-006,1.159e-006,8.048e-007,4.366e-006,8.269e-006,4.443e-006,5.614e-006,9.839e-006,9.130e-006,7.868e-006,5.036e-004,4.736e-004,4.743e-004,5.051e-004,5.690e-004,6.664e-004,7.665e-004,8.460e-004,8.840e-004,9.196e-004,9.387e-004,9.058e-004,8.502e-004,7.598e-004,6.648e-004,5.675e-004,7.203e-004,1.330e-005,5.639e-004,1.249e-003,1.669e-003,1.659e-003,1.648e-003,1.648e-003,1.653e-003,9.550e-004,3.050e-004,1.290e-005,2.114e-005,2.480e-005,1.254e-005,1.643e-003,1.104e-005,1.684e-003,1.423e-006,7.236e-004
568,1.270e-006,1.004e-004,2.284e-004,3.502e-004,4.815e-004,6.587e-004,8.260e-004,9.521e-004,1.096e-003,1.297e-003,1.560e-003,1.312e-006,5.089e-006,4.894e-006,5.971e-006,9.057e-006,1.341e-005,1.585e-005,2.078e-005,9.784e-006,2.921e-005,1.512e-005,9.452e-007,9.335e-005,2.176e-004,3.233e-004,4.482e-004,6.169e-004,7.591e-004,8.883e-004,1.027e-003,1.267e-003,1.511e-003,1.362e-006,1.563e-006,0.000e+000,1.295e-006,2.459e-006,6.876e-006,1.847e-007,7.404e-006,1.258e-005,1.484e-005,2.394e-007,4.688e-004,4.413e-004,4.402e-004,4.668e-004,5.249e-004,6.094e-004,7.012e-004,7.728e-004,8.081e-004,8.399e-004,8.576e-004,8.292e-004,7.795e-004,6.984e-004,6.127e-004,5.257e-004,6.613e-004,2.015e-005,5.227e-004,1.152e-003,1.540e-003,1.530e-003,1.517e-003,1.516e-003,1.520e-003,8.722e-004,2.782e-004,1.250e-005,2.432e-005,2.961e-005,1.954e-005,1.511e-003,8.353e-006,1.556e-003,1.516e-006,6.639e-004
572,1.120e-006,9.105e-005,2.068e-004,3.158e-004,4.471e-004,5.946e-004,7.359e-004,8.649e-004,9.878e-004,1.187e-003,1.416e-003,1.384e-006,8.373e-006,8.418e-006,1.103e-005,1.308e-005,1.939e-005,2.386e-005,2.890e-005,2.503e-005,4.576e-005,3.695e-005,9.419e-007,8.275e-005,1.945e-004,2.844e-004,3.991e-004,5.468e-004,6.732e-004,7.835e-004,9.166e-004,1.130e-003,1.352e-003,1.132e-006,1.654e-006,8.864e-007,6.214e-008,5.280e-006,2.945e-007,3.002e-006,1.408e-006,7.293e-006,2.238e-005,5.839e-006,4.371e-004,4.126e-004,4.113e-004,4.300e-004,4.803e-004,5.501e-004,6.272e-004,6.872e-004,7.159e-004,7.460e-004,7.617e-004,7.394e-004,6.996e-004,6.316e-004,5.594e-004,4.852e-004,5.906e-004,3.927e-005,4.830e-004,1.044e-003,1.387e-003,1.370e-003,1.352e-003,1.352e-003,1.357e-003,7.732e-004,2.471e-004,1.685e-005,3.597e-005,5.351e-005,3.957e-005,1.348e-003,9.073e-006,1.412e-003,1.239e-006,6.000e-004
576,1.062e-006,8.463e-005,1.919e-004,2.891e-004,4.094e-004,5.468e-004,6.849e-004,7.938e-004,9.017e-004,1.093e-003,1.307e-003,1.196e-006,1.620e-005,1.621e-005,2.243e-005,2.941e-005,3.982e-005,4.570e-005,6.194e-005,5.657e-005,7.961e-005,8.537e-005,9.260e-007,7.292e-005,1.771e-004,2.490e-004,3.676e-004,4.814e-004,5.979e-004,6.925e-004,8.024e-004,9.996e-004,1.195e-003,8.750e-007,1.454e-006,2.797e-006,1.573e-006,1.842e-007,2.662e-006,0.000e+000,8.493e-006,7.894e-006,1.797e-005,6.904e-007,4.337e-004,4.127e-004,4.079e-004,4.140e-004,4.538e-004,5.054e-004,5.644e-004,6.104e-004,6.324e-004,6.576e-004,6.760e-004,6.624e-004,6.348e-004,5.860e-004,5.297e-004,4.720e-004,5.471e-004,8.199e-005,4.758e-004,9.685e-004,1.259e-003,1.226e-003,1.197e-003,1.197e-003,1.202e-003,6.852e-004,2.184e-004,2.280e-005,6.035e-005,9.347e-005,8.193e-005,1.193e-003,8.023e-006,1.300e-003,1.401e-006,5.546e-004
580,1.127e-006,8.190e-005,1.847e-004,2.713e-004,3.938e-004,5.243e-004,6.508e-004,7.620e-004,8.673e-004,1.035e-003,1.252e-003,1.161e-006,3.078e-005,3.097e-005,4.364e-005,5.776e-005,7.811e-005,1.012e-004,1.158e-004,1.126e-004,1.427e-004,1.680e-004,8.727e-007,6.372e-005,1.600e-004,2.198e-004,3.283e-004,4.220e-004,5.151e-004,6.045e-004,7.088e-004,8.792e-004,1.048e-003,8.872e-007,1.489e-006,0.000e+000,3.185e-006,1.905e-006,1.247e-005,2.656e-006,9.981e-006,1.184e-005,1.841e-005,2.546e-006,4.731e-004,4.542e-004,4.417e-004,4.338e-004,4.538e-004,4.801e-004,5.137e-004,5.413e-004,5.544e-004,5.765e-004,5.994e-004,6.001e-004,5.909e-004,5.682e-004,5.339e-004,4.943e-004,5.312e-004,1.638e-004,5.085e-004,9.419e-004,1.173e-003,1.105e-003,1.051e-003,1.051e-003,1.057e-003,6.007e-004,1.934e-004,3.534e-005,1.093e-004,1.766e-004,1.636e-004,1.048e-003,4.183e-006,1.237e-003,1.226e-006,5.340e-004
584,1.008e-006,8.410e-005,1.873e-004,2.897e-004,4.007e-004,5.300e-004,6.674e-004,7.653e-004,8.728e-004,1.036e-003,1.239e-003,1.386e-006,5.471e-005,5.515e-005,7.871e-005,1.034e-004,1.438e-004,1.699e-004,2.124e-004,2.170e-004,2.625e-004,3.058e-004,8.575e-007,5.431e-005,1.330e-004,1.884e-004,2.673e-004,3.590e-004,4.399e-004,5.206e-004,6.039e-004,7.500e-004,9.053e-004,9.172e-007,1.492e-006,7.480e-007,2.787e-006,1.340e-006,6.828e-006,2.325e-006,1.689e-005,1.705e-005,1.457e-005,1.005e-006,5.699e-004,5.519e-004,5.271e-004,4.928e-004,4.881e-004,4.751e-004,4.743e-004,4.773e-004,4.767e-004,4.962e-004,5.271e-004,5.484e-004,5.676e-004,5.832e-004,5.788e-004,5.706e-004,5.378e-004,3.009e-004,5.931e-004,9.718e-004,1.128e-003,1.001e-003,9.088e-004,9.092e-004,9.137e-004,5.181e-004,1.667e-004,5.657e-005,1.899e-004,3.154e-004,3.006e-004,9.054e-004,5.460e-006,1.233e-003,1.803e-006,5.403e-004
588,1.078e-006,9.163e-005,2.014e-004,3.085e-004,4.336e-004,5.680e-004,7.171e-004,8.168e-004,9.168e-004,1.095e-003,1.289e-003,1.346e-006,8.895e-005,8.982e-005,1.288e-004,1.773e-004,2.400e-004,2.855e-004,3.391e-004,3.674e-004,4.275e-004,4.922e-004,6.548e-007,4.543e-005,1.112e-004,1.593e-004,2.277e-004,2.984e-004,3.687e-004,4.324e-004,5.098e-004,6.284e-004,7.602e-004,9.573e-007,1.572e-006,2.688e-006,5.192e-006,1.129e-006,1.852e-006,0.000e+000,1.509e-005,5.374e-006,1.889e-005,0.000e+000,7.227e-004,7.103e-004,6.639e-004,5.967e-004,5.663e-004,4.951e-004,4.478e-004,4.172e-004,3.995e-004,4.153e-004,4.594e-004,5.089e-004,5.659e-004,6.323e-004,6.685e-004,7.016e-004,5.743e-004,4.964e-004,7.430e-004,1.062e-003,1.122e-003,9.163e-004,7.670e-004,7.684e-004,7.665e-004,4.348e-004,1.404e-004,8.867e-005,3.077e-004,5.146e-004,4.971e-004,7.634e-004,8.691e-006,1.289e-003,1.329e-006,5.764e-004
592,1.168e-006,1.050e-004,2.272e-004,3.475e-004,5.167e-004,6.319e-004,7.829e-004,8.997e-004,1.019e-003,1.197e-003,1.407e-003,1.306e-006,1.347e-004,1.366e-004,1.959e-004,2.694e-004,3.659e-004,4.432e-004,5.079e-004,5.611e-004,6.581e-004,7.691e-004,9.216e-007,3.630e-005,8.831e-005,1.160e-004,1.773e-004,2.387e-004,2.864e-004,3.394e-004,4.044e-004,4.980e-004,6.069e-004,1.196e-006,1.673e-006,2.105e-007,4.667e-006,1.538e-007,7.485e-006,9.992e-007,6.064e-006,1.135e-005,9.157e-006,4.160e-006,9.448e-004,9.355e-004,8.611e-004,7.483e-004,6.644e-004,5.285e-004,4.246e-004,3.547e-004,3.166e-004,3.274e-004,3.891e-004,4.762e-004,5.842e-004,7.162e-004,8.057e-004,8.901e-004,6.397e-004,7.636e-004,9.576e-004,1.210e-003,1.151e-003,8.287e-004,6.110e-004,6.113e-004,6.161e-004,3.460e-004,1.147e-004,1.269e-004,4.684e-004,7.849e-004,7.639e-004,6.077e-004,9.173e-006,1.402e-003,1.362e-006,6.431e-004
596,1.105e-006,1.181e-004,2.524e-004,3.811e-004,5.307e-004,6.986e-004,8.583e-004,9.844e-004,1.116e-003,1.294e-003,1.519e-003,1.327e-006,1.772e-004,1.797e-004,2.581e-004,3.605e-004,4.870e-004,5.839e-004,6.665e-004,7.469e-004,8.626e-004,1.012e-003,8.442e-007,2.872e-005,6.740e-005,1.014e-004,1.362e-004,1.862e-004,2.214e-004,2.634e-004,3.140e-004,3.806e-004,4.726e-004,1.004e-006,1.573e-006,1.194e-006,1.269e-005,2.929e-006,7.370e-006,9.319e-006,1.112e-005,6.554e-006,2.105e-005,1.134e-005,1.158e-003,1.153e-003,1.049e-003,8.931e-004,7.668e-004,5.691e-004,4.147e-004,3.027e-004,2.457e-004,2.552e-004,3.319e-004,4.538e-004,6.063e-004,8.003e-004,9.390e-004,1.073e-003,7.057e-004,1.012e-003,1.164e-003,1.358e-003,1.187e-003,7.675e-004,4.704e-004,4.752e-004,4.796e-004,2.705e-004,8.973e-005,1.646e-004,6.095e-004,1.036e-003,1.014e-003,4.718e-004,8.375e-006,1.516e-003,1.388e-006,7.093e-004
600,1.132e-006,1.293e-004,2.736e-004,4.077e-004,5.710e-004,7.530e-004,9.212e-004,1.056e-003,1.189e-003,1.387e-003,1.606e-003,1.329e-006,2.135e-004,2.163e-004,3.104e-004,4.369e-004,5.792e-004,6.976e-004,8.022e-004,8.967e-004,1.031e-003,1.212e-003,9.153e-007,2.205e-005,4.971e-005,7.826e-005,1.117e-004,1.377e-004,1.650e-004,1.999e-004,2.387e-004,2.918e-004,3.561e-004,1.140e-006,1.567e-006,1.961e-006,4.571e-006,7.164e-006,4.622e-006,2.098e-005,1.513e-005,1.205e-005,1.512e-005,1.472e-006,1.327e-003,1.324e-003,1.200e-003,1.008e-003,8.504e-004,6.009e-004,4.061e-004,2.609e-004,1.859e-004,1.919e-004,2.832e-004,4.342e-004,6.238e-004,8.660e-004,1.044e-003,1.217e-003,7.576e-004,1.213e-003,1.329e-003,1.474e-003,1.207e-003,7.078e-004,3.571e-004,3.581e-004,3.625e-004,2.054e-004,6.997e-005,1.963e-004,7.264e-004,1.240e-003,1.214e-003,3.542e-004,7.000e-006,1.603e-003,1.388e-006,7.623e-004
604,1.195e-006,1.360e-004,2.876e-004,4.334e-004,6.031e-004,7.893e-004,9.562e-004,1.098e-003,1.229e-003,1.418e-003,1.652e-003,1.300e-006,2.407e-004,2.439e-004,3.505e-004,4.918e-004,6.531e-004,7.943e-004,9.054e-004,1.008e-003,1.161e-003,1.369e-003,1.096e-006,1.582e-005,3.712e-005,6.110e-005,7.931e-005,9.921e-005,1.104e-004,1.458e-004,1.686e-004,2.045e-004,2.482e-004,1.204e-006,1.757e-006,1.332e-006,8.273e-007,8.216e-006,6.444e-006,7.229e-006,5.492e-006,1.161e-005,1.130e-005,0.000e+000,1.450e-003,1.449e-003,1.309e-003,1.093e-003,9.112e-004,6.201e-004,3.923e-004,2.208e-004,1.350e-004,1.372e-004,2.384e-004,4.125e-004,6.323e-004,9.123e-004,1.120e-003,1.322e-003,7.950e-004,1.363e-003,1.448e-003,1.552e-003,1.213e-003,6.514e-004,2.560e-004,2.557e-004,2.618e-004,1.489e-004,5.152e-005,2.201e-004,8.167e-004,1.394e-003,1.365e-003,2.522e-004,7.842e-006,1.654e-003,1.479e-006,7.985e-004
608,1.279e-006,1.365e-004,2.897e-004,4.354e-004,6.001e-004,8.129e-004,9.736e-004,1.133e-003,1.265e-003,1.456e-003,1.673e-003,1.276e-006,2.536e-004,2.573e-004,3.717e-004,5.221e-004,6.997e-004,8.468e-004,9.724e-004,1.083e-003,1.250e-003,1.480e-003,1.060e-006,1.098e-005,2.460e-005,4.224e-005,5.217e-005,6.590e-005,6.361e-005,9.490e-005,1.090e-004,1.360e-004,1.759e-004,1.064e-006,1.845e-006,2.473e-007,1.507e-007,7.704e-006,6.590e-006,4.667e-006,1.426e-005,3.461e-006,9.821e-006,2.508e-006,1.536e-003,1.537e-003,1.385e-003,1.148e-003,9.434e-004,6.238e-004,3.709e-004,1.857e-004,9.163e-005,9.447e-005,1.982e-004,3.875e-004,6.243e-004,9.356e-004,1.167e-003,1.392e-003,8.100e-004,1.471e-003,1.530e-003,1.602e-003,1.203e-003,5.956e-004,1.713e-004,1.751e-004,1.810e-004,1.038e-004,3.833e-005,2.320e-004,8.771e-004,1.503e-003,1.473e-003,1.714e-004,8.273e-006,1.684e-003,1.462e-006,8.132e-004
612,1.420e-006,1.333e-004,2.817e-004,4.216e-004,6.001e-004,7.940e-004,9.590e-004,1.103e-003,1.246e-003,1.426e-003,1.667e-003,1.413e-006,2.546e-004,2.584e-004,3.737e-004,5.229e-004,7.075e-004,8.587e-004,9.826e-004,1.113e-003,1.283e-003,1.525e-003,1.183e-006,7.042e-006,1.435e-005,2.519e-005,3.420e-005,4.005e-005,4.191e-005,5.156e-005,7.132e-005,6.909e-005,1.027e-004,1.106e-006,1.539e-006,2.624e-006,3.225e-007,1.136e-005,0.000e+000,9.941e-007,7.424e-006,1.600e-005,1.756e-005,6.445e-006,1.565e-003,1.568e-003,1.405e-003,1.151e-003,9.356e-004,6.044e-004,3.463e-004,1.540e-004,5.812e-005,5.749e-005,1.618e-004,3.497e-004,5.962e-004,9.196e-004,1.165e-003,1.408e-003,7.909e-004,1.517e-003,1.556e-003,1.599e-003,1.160e-003,5.334e-004,1.074e-004,1.091e-004,1.120e-004,6.959e-005,2.469e-005,2.318e-004,8.874e-004,1.550e-003,1.521e-003,1.041e-004,7.672e-006,1.665e-003,1.444e-006,7.903e-004
616,1.153e-006,1.317e-004,2.761e-004,4.041e-004,5.915e-004,7.659e-004,9.293e-004,1.076e-003,1.195e-003,1.384e-003,1.614e-003,1.130e-006,2.547e-004,2.585e-004,3.721e-004,5.236e-004,7.028e-004,8.522e-004,9.774e-004,1.101e-003,1.281e-003,1.518e-003,1.091e-006,5.014e-006,6.789e-006,1.927e-005,2.133e-005,2.593e-005,2.753e-005,3.664e-005,2.980e-005,4.712e-005,6.906e-005,1.143e-006,1.637e-006,2.794e-006,1.170e-006,1.770e-005,8.899e-007,8.899e-007,1.132e-005,1.176e-005,1.591e-005,0.000e+000,1.543e-003,1.547e-003,1.383e-003,1.126e-003,9.130e-004,5.873e-004,3.293e-004,1.370e-004,3.935e-005,3.827e-005,1.421e-004,3.312e-004,5.736e-004,8.937e-004,1.139e-003,1.382e-003,7.685e-004,1.506e-003,1.532e-003,1.560e-003,1.108e-003,4.909e-004,6.780e-005,7.123e-005,7.476e-005,4.917e-005,1.924e-005,2.346e-004,8.794e-004,1.538e-003,1.508e-003,6.816e-005,6.016e-006,1.616e-003,1.409e-006,7.708e-004
620,1.088e-006,1.301e-004,2.726e-004,4.120e-004,5.749e-004,7.533e-004,9.060e-004,1.053e-003,1.168e-003,1.354e-003,1.564e-003,9.958e-007,2.538e-004,2.577e-004,3.713e-004,5.221e-004,6.971e-004,8.455e-004,9.663e-004,1.085e-003,1.256e-003,1.493e-003,1.075e-006,3.547e-006,1.295e-006,1.700e-005,1.498e-005,1.469e-005,1.289e-005,2.740e-005,3.008e-005,3.272e-005,4.883e-005,9.000e-007,1.589e-006,2.804e-006,4.507e-006,1.861e-005,7.257e-006,1.153e-006,6.754e-006,1.590e-005,1.239e-005,0.000e+000,1.516e-003,1.519e-003,1.358e-003,1.113e-003,8.992e-004,5.772e-004,3.220e-004,1.245e-004,2.717e-005,2.682e-005,1.304e-004,3.190e-004,5.605e-004,8.757e-004,1.117e-003,1.355e-003,7.546e-004,1.484e-003,1.504e-003,1.521e-003,1.073e-003,4.670e-004,4.405e-005,4.824e-005,5.105e-005,3.763e-005,1.588e-005,2.324e-004,8.712e-004,1.518e-003,1.487e-003,4.541e-005,5.724e-006,1.572e-003,1.254e-006,7.565e-004
624,8.010e-007,1.252e-004,2.631e-004,4.027e-004,5.617e-004,7.299e-004,8.812e-004,1.022e-003,1.136e-003,1.333e-003,1.517e-003,1.038e-006,2.464e-004,2.504e-004,3.620e-004,5.093e-004,6.863e-004,8.198e-004,9.447e-004,1.065e-003,1.243e-003,1.465e-003,1.237e-006,2.937e-006,2.491e-007,1.486e-005,1.028e-005,1.129e-005,1.008e-005,1.576e-005,2.624e-005,1.751e-005,3.347e-005,7.589e-007,1.930e-006,2.094e-007,7.753e-006,1.443e-005,9.584e-006,2.749e-006,8.061e-006,7.990e-006,9.528e-006,7.129e-006,1.494e-003,1.492e-003,1.333e-003,1.091e-003,8.820e-004,5.580e-004,3.069e-004,1.138e-004,2.086e-005,1.971e-005,1.198e-004,3.038e-004,5.415e-004,8.545e-004,1.093e-003,1.330e-003,7.352e-004,1.459e-003,1.474e-003,1.486e-003,1.042e-003,4.451e-004,3.190e-005,3.863e-005,3.801e-005,3.111e-005,1.445e-005,2.273e-004,8.569e-004,1.492e-003,1.461e-003,3.167e-005,1.099e-005,1.533e-003,8.585e-007,7.374e-004
628,1.055e-006,1.183e-004,2.485e-004,3.710e-004,5.344e-004,6.950e-004,8.343e-004,9.822e-004,1.081e-003,1.270e-003,1.451e-003,1.197e-006,2.336e-004,2.372e-004,3.434e-004,4.870e-004,6.582e-004,7.912e-004,9.083e-004,1.021e-003,1.197e-003,1.414e-003,1.182e-006,2.253e-006,0.000e+000,9.970e-006,1.682e-005,1.180e-006,6.013e-006,1.122e-005,1.963e-005,5.026e-006,3.152e-005,1.062e-006,1.536e-006,2.495e-006,7.192e-007,2.478e-005,3.442e-005,1.038e-005,6.844e-006,1.423e-005,1.146e-005,8.917e-006,1.436e-003,1.441e-003,1.286e-003,1.048e-003,8.406e-004,5.330e-004,2.879e-004,1.049e-004,1.803e-005,1.467e-005,1.093e-004,2.844e-004,5.080e-004,8.156e-004,1.049e-003,1.282e-003,7.002e-004,1.411e-003,1.422e-003,1.432e-003,9.936e-004,4.162e-004,2.205e-005,2.808e-005,3.486e-005,2.659e-005,1.397e-005,2.001e-004,8.166e-004,1.446e-003,1.412e-003,2.358e-005,1.110e-005,1.477e-003,1.317e-006,7.013e-004
632,7.775e-007,1.134e-004,2.369e-004,3.636e-004,5.083e-004,6.625e-004,8.066e-004,9.343e-004,1.032e-003,1.212e-003,1.381e-003,1.027e-006,2.233e-004,2.271e-004,3.278e-004,4.615e-004,6.147e-004,7.524e-004,8.682e-004,9.833e-004,1.135e-003,1.355e-003,9.882e-007,1.770e-006,0.000e+000,4.747e-006,6.754e-006,8.550e-007,4.143e-006,1.274e-005,1.482e-005,1.198e-005,2.101e-005,8.818e-007,1.780e-006,1.294e-006,8.036e-007,2.495e-005,1.451e-006,7.681e-006,3.881e-006,1.438e-005,1.121e-005,2.624e-005,1.367e-003,1.379e-003,1.227e-003,9.985e-004,8.044e-004,5.100e-004,2.761e-004,1.017e-004,2.105e-005,8.549e-006,1.030e-004,2.699e-004,4.856e-004,7.747e-004,9.976e-004,1.223e-003,6.687e-004,1.349e-003,1.360e-003,1.367e-003,9.432e-004,3.932e-004,1.819e-005,2.311e-005,3.246e-005,2.685e-005,1.360e-005,2.084e-004,7.813e-004,1.382e-003,1.351e-003,1.966e-005,1.067e-005,1.411e-003,2.146e-006,6.671e-004
636,7.027e-007,1.091e-004,2.283e-004,3.505e-004,4.910e-004,6.383e-004,7.653e-004,8.989e-004,9.950e-004,1.162e-003,1.324e-003,8.088e-007,2.150e-004,2.184e-004,3.152e-004,4.386e-004,5.978e-004,7.173e-004,8.320e-004,9.377e-004,1.074e-003,1.295e-003,1.098e-006,1.580e-006,0.000e+000,1.022e-005,6.030e-006,4.950e-006,2.268e-006,9.751e-006,4.487e-006,4.588e-006,1.636e-005,8.695e-007,1.768e-006,1.380e-005,3.934e-006,1.726e-005,7.314e-006,5.840e-006,1.142e-005,1.001e-005,5.698e-006,2.344e-005,1.314e-003,1.317e-003,1.171e-003,9.555e-004,7.715e-004,4.874e-004,2.652e-004,9.752e-005,1.373e-005,1.075e-005,9.826e-005,2.587e-004,4.665e-004,7.410e-004,9.530e-004,1.167e-003,6.430e-004,1.289e-003,1.298e-003,1.304e-003,8.959e-004,3.756e-004,1.521e-005,2.127e-005,2.992e-005,2.745e-005,1.583e-005,2.036e-004,7.485e-004,1.321e-003,1.290e-003,1.722e-005,1.211e-005,1.348e-003,9.916e-007,6.398e-004
640,9.433e-007,1.025e-004,2.154e-004,3.241e-004,4.594e-004,6.102e-004,7.257e-004,8.542e-004,9.465e-004,1.132e-003,1.270e-003,8.468e-007,2.028e-004,2.061e-004,2.988e-004,4.293e-004,5.761e-004,6.826e-004,7.903e-004,9.042e-004,1.026e-003,1.230e-003,1.161e-006,1.447e-006,0.000e+000,9.152e-006,1.114e-005,6.449e-006,1.231e-005,1.382e-005,0.000e+000,3.579e-006,7.650e-006,9.735e-007,1.692e-006,1.036e-005,1.808e-006,1.766e-005,3.427e-006,1.186e-005,1.258e-005,1.155e-005,7.181e-006,3.973e-005,1.256e-003,1.260e-003,1.120e-003,9.145e-004,7.368e-004,4.656e-004,2.506e-004,9.146e-005,1.416e-005,9.946e-006,9.212e-005,2.434e-004,4.421e-004,7.055e-004,9.102e-004,1.116e-003,6.077e-004,1.231e-003,1.239e-003,1.245e-003,8.554e-004,3.549e-004,1.303e-005,2.118e-005,3.001e-005,2.602e-005,1.473e-005,1.941e-004,7.172e-004,1.267e-003,1.233e-003,1.549e-005,1.573e-005,1.287e-003,9.305e-007,6.082e-004
644,3.767e-007,9.400e-005,1.982e-004,2.968e-004,4.293e-004,5.646e-004,6.766e-004,8.045e-004,8.937e-004,1.049e-003,1.166e-003,8.571e-007,1.863e-004,1.897e-004,2.757e-004,3.914e-004,5.241e-004,6.405e-004,7.380e-004,8.444e-004,9.755e-004,1.163e-003,1.035e-006,1.441e-006,8.250e-007,6.275e-006,1.919e-005,1.089e-006,8.850e-006,1.185e-005,1.102e-006,9.192e-008,8.382e-006,7.383e-007,1.644e-006,4.599e-006,1.950e-007,1.700e-005,0.000e+000,2.012e-005,9.185e-006,1.295e-005,4.821e-006,2.322e-005,1.185e-003,1.190e-003,1.055e-003,8.596e-004,6.901e-004,4.322e-004,2.339e-004,8.526e-005,1.191e-005,9.785e-006,8.339e-005,2.242e-004,4.088e-004,6.589e-004,8.531e-004,1.049e-003,5.666e-004,1.162e-003,1.169e-003,1.172e-003,7.981e-004,3.260e-004,1.656e-005,2.068e-005,2.638e-005,2.376e-005,1.657e-005,1.784e-004,6.716e-004,1.196e-003,1.163e-003,1.396e-005,1.649e-005,1.214e-003,1.036e-006,5.674e-004
648,5.115e-007,8.649e-005,1.811e-004,2.662e-004,3.973e-004,5.198e-004,6.208e-004,7.268e-004,8.140e-004,9.603e-004,1.088e-003,8.151e-007,1.699e-004,1.729e-004,2.512e-004,3.574e-004,4.828e-004,5.833e-004,6.796e-004,7.817e-004,8.690e-004,1.076e-003,9.031e-007,1.186e-006,0.000e+000,2.990e-006,1.401e-005,9.334e-006,8.633e-006,5.427e-006,5.188e-006,4.452e-006,1.441e-005,7.533e-007,1.855e-006,6.806e-007,5.071e-006,2.333e-005,2.961e-006,2.422e-005,2.166e-006,4.389e-005,3.587e-007,2.059e-005,1.090e-003,1.095e-003,9.692e-004,7.859e-004,6.342e-004,3.929e-004,2.152e-004,7.731e-005,1.089e-005,9.128e-006,7.720e-005,2.043e-004,3.703e-004,5.999e-004,7.805e-004,9.635e-004,5.160e-004,1.069e-003,1.075e-003,1.079e-003,7.329e-004,2.969e-004,8.852e-006,1.628e-005,2.324e-005,2.432e-005,1.914e-005,1.686e-004,6.145e-004,1.103e-003,1.071e-003,7.830e-006,2.346e-005,1.119e-003,8.180e-007,5.168e-004
652,4.077e-007,8.208e-005,1.703e-004,2.584e-004,3.672e-004,4.783e-004,5.629e-004,6.803e-004,7.723e-004,8.924e-004,9.948e-004,7.901e-007,1.603e-004,1.630e-004,2.359e-004,3.341e-004,4.450e-004,5.410e-004,6.291e-004,7.308e-004,8.281e-004,9.947e-004,1.016e-006,1.081e-006,0.000e+000,9.183e-006,1.215e-005,1.538e-006,9.027e-006,1.133e-005,1.337e-005,1.265e-005,5.377e-006,9.444e-007,1.841e-006,2.602e-006,0.000e+000,2.013e-005,1.349e-005,2.461e-005,1.089e-005,1.593e-005,6.406e-006,2.267e-005,1.011e-003,1.012e-003,8.999e-004,7.309e-004,5.959e-004,3.698e-004,2.059e-004,7.422e-005,1.228e-005,8.940e-006,7.344e-005,1.918e-004,3.476e-004,5.579e-004,7.226e-004,8.927e-004,4.807e-004,9.902e-004,9.957e-004,9.963e-004,6.772e-004,2.792e-004,4.559e-006,1.611e-005,2.550e-005,2.476e-005,1.890e-005,1.683e-004,5.717e-004,1.022e-003,9.918e-004,9.121e-006,1.930e-005,1.038e-003,8.030e-007,4.825e-004
656,5.002e-007,7.759e-005,1.603e-004,2.473e-004,3.421e-004,4.515e-004,5.317e-004,6.409e-004,7.142e-004,8.252e-004,9.364e-004,4.264e-007,1.512e-004,1.537e-004,2.221e-004,3.180e-004,4.222e-004,5.022e-004,5.907e-004,6.766e-004,7.712e-004,9.248e-004,9.033e-007,8.675e-007,0.000e+000,4.630e-006,1.569e-005,1.582e-006,1.354e-005,3.862e-006,7.072e-006,1.254e-005,1.243e-005,8.683e-007,1.617e-006,9.050e-006,0.000e+000,2.478e-005,5.275e-006,2.055e-005,4.823e-006,9.153e-006,5.113e-006,1.785e-005,9.385e-004,9.445e-004,8.382e-004,6.850e-004,5.540e-004,3.513e-004,1.934e-004,7.050e-005,1.160e-005,8.550e-006,6.899e-005,1.797e-004,3.257e-004,5.211e-004,6.736e-004,8.306e-004,4.523e-004,9.196e-004,9.237e-004,9.268e-004,6.322e-004,2.609e-004,5.828e-006,1.427e-005,2.492e-005,2.442e-005,1.890e-005,1.538e-004,5.358e-004,9.510e-004,9.204e-004,8.795e-006,1.856e-005,9.648e-004,8.596e-007,4.531e-004
660,2.706e-007,7.136e-005,1.489e-004,2.205e-004,3.210e-004,4.266e-004,5.049e-004,5.923e-004,6.663e-004,7.617e-004,8.795e-004,5.438e-007,1.398e-004,1.423e-004,2.068e-004,3.116e-004,3.921e-004,4.724e-004,5.561e-004,6.273e-004,7.248e-004,8.927e-004,7.916e-007,7.011e-007,0.000e+000,1.492e-006,1.269e-005,4.470e-007,2.659e-006,6.806e-006,2.985e-006,3.243e-006,2.074e-005,8.153e-007,1.689e-006,2.086e-006,0.000e+000,1.049e-005,4.913e-006,4.517e-005,6.150e-006,2.412e-005,8.035e-006,2.481e-005,8.793e-004,8.867e-004,7.861e-004,6.462e-004,5.219e-004,3.272e-004,1.757e-004,6.438e-005,1.034e-005,7.975e-006,6.310e-005,1.668e-004,3.035e-004,4.882e-004,6.312e-004,7.783e-004,4.246e-004,8.620e-004,8.658e-004,8.681e-004,5.913e-004,2.452e-004,7.638e-006,1.424e-005,2.331e-005,2.460e-005,1.936e-005,1.402e-004,5.049e-004,8.925e-004,8.635e-004,1.019e-005,2.589e-005,9.034e-004,9.444e-007,4.230e-004
664,1.429e-007,6.309e-005,1.326e-004,1.978e-004,2.870e-004,3.815e-004,4.765e-004,5.469e-004,6.032e-004,7.156e-004,7.918e-004,6.094e-007,1.240e-004,1.263e-004,1.850e-004,2.747e-004,3.542e-004,4.217e-004,4.872e-004,5.869e-004,6.595e-004,7.976e-004,9.339e-007,7.485e-007,0.000e+000,2.127e-006,1.561e-005,9.570e-006,1.824e-005,7.980e-006,7.535e-006,1.730e-005,1.353e-005,8.363e-007,1.704e-006,5.677e-007,1.175e-006,1.851e-005,0.000e+000,2.257e-005,1.241e-005,1.520e-005,0.000e+000,3.227e-005,8.100e-004,8.136e-004,7.212e-004,5.894e-004,4.731e-004,2.969e-004,1.624e-004,5.732e-005,1.049e-005,6.826e-006,5.524e-005,1.490e-004,2.729e-004,4.431e-004,5.768e-004,7.141e-004,3.817e-004,7.918e-004,7.953e-004,7.971e-004,5.401e-004,2.181e-004,7.040e-006,1.244e-005,2.142e-005,2.228e-005,1.959e-005,1.259e-004,4.580e-004,8.189e-004,7.920e-004,6.078e-006,2.224e-005,8.322e-004,7.865e-007,3.844e-004
668,2.148e-007,5.733e-005,1.201e-004,1.817e-004,2.864e-004,3.481e-004,4.190e-004,4.990e-004,5.580e-004,6.534e-004,7.377e-004,6.373e-007,1.123e-004,1.143e-004,1.675e-004,2.511e-004,3.142e-004,3.916e-004,4.515e-004,5.320e-004,5.974e-004,7.251e-004,8.555e-007,5.076e-007,0.000e+000,6.941e-006,9.614e-006,6.508e-006,1.400e-005,6.096e-006,0.000e+000,3.915e-006,8.621e-006,8.555e-007,1.745e-006,4.287e-006,3.877e-006,1.413e-005,1.269e-006,2.901e-005,6.408e-006,2.208e-005,4.150e-006,5.985e-006,7.469e-004,7.489e-004,6.586e-004,5.398e-004,4.317e-004,2.680e-004,1.465e-004,5.039e-005,9.726e-006,6.412e-006,4.989e-005,1.353e-004,2.451e-004,4.030e-004,5.259e-004,6.541e-004,3.462e-004,7.268e-004,7.293e-004,7.331e-004,4.926e-004,1.950e-004,4.431e-006,9.960e-006,2.451e-005,2.184e-005,1.879e-005,1.152e-004,4.175e-004,7.550e-004,7.307e-004,8.845e-006,2.140e-005,7.660e-004,7.315e-007,3.477e-004
672,3.121e-008,5.315e-005,1.098e-004,1.645e-004,2.548e-004,3.228e-004,3.856e-004,4.580e-004,4.981e-004,5.965e-004,6.733e-004,5.305e-007,1.030e-004,1.049e-004,1.531e-004,2.195e-004,2.843e-004,3.485e-004,4.175e-004,4.867e-004,5.676e-004,6.603e-004,8.616e-007,4.369e-007,0.000e+000,7.433e-007,4.290e-006,3.966e-006,1.812e-005,3.570e-006,1.679e-006,1.689e-005,5.048e-006,8.235e-007,1.597e-006,9.367e-006,4.516e-007,1.725e-005,2.417e-005,3.197e-005,7.237e-006,1.597e-005,7.129e-006,1.240e-005,6.780e-004,6.831e-004,6.031e-004,4.894e-004,3.931e-004,2.487e-004,1.361e-004,4.796e-005,9.263e-006,5.970e-006,4.723e-005,1.243e-004,2.233e-004,3.667e-004,4.786e-004,5.962e-004,3.159e-004,6.622e-004,6.671e-004,6.684e-004,4.510e-004,1.794e-004,4.856e-006,8.993e-006,2.259e-005,1.947e-005,1.729e-005,1.091e-004,3.769e-004,6.892e-004,6.656e-004,7.766e-006,2.101e-005,6.932e-004,4.894e-007,3.153e-004
676,6.086e-008,4.908e-005,1.013e-004,1.425e-004,2.206e-004,2.928e-004,3.567e-004,4.147e-004,4.680e-004,5.288e-004,6.225e-004,4.053e-007,9.501e-005,9.652e-005,1.408e-004,2.007e-004,2.585e-004,3.344e-004,3.749e-004,4.555e-004,5.198e-004,6.125e-004,9.246e-007,3.669e-007,1.791e-006,0.000e+000,1.213e-006,4.872e-006,1.364e-005,8.195e-006,9.311e-006,9.977e-006,1.402e-005,9.350e-007,1.707e-006,2.094e-006,2.923e-006,5.021e-005,7.044e-006,3.974e-005,3.581e-006,1.773e-005,1.054e-006,2.544e-005,6.192e-004,6.216e-004,5.498e-004,4.504e-004,3.627e-004,2.279e-004,1.248e-004,4.383e-005,9.335e-006,3.506e-006,4.324e-005,1.138e-004,2.071e-004,3.344e-004,4.349e-004,5.424e-004,2.891e-004,6.037e-004,6.093e-004,6.088e-004,4.078e-004,1.650e-004,3.782e-006,9.940e-006,1.893e-005,2.155e-005,1.696e-005,1.007e-004,3.487e-004,6.264e-004,6.038e-004,6.015e-006,2.158e-005,6.353e-004,6.450e-007,2.901e-004
680,2.401e-007,4.411e-005,9.162e-005,1.343e-004,2.057e-004,2.707e-004,3.274e-004,3.795e-004,4.004e-004,4.702e-004,5.467e-004,2.918e-007,8.516e-005,8.707e-005,1.269e-004,1.842e-004,2.358e-004,2.914e-004,3.368e-004,4.143e-004,4.552e-004,5.466e-004,7.578e-007,5.471e-007,4.136e-006,0.000e+000,1.409e-005,2.539e-006,1.622e-005,3.169e-006,0.000e+000,1.084e-005,1.204e-005,5.653e-007,1.261e-006,4.234e-007,6.314e-006,5.072e-006,0.000e+000,1.490e-005,5.067e-006,1.998e-005,9.043e-006,2.633e-005,5.529e-004,5.608e-004,4.981e-004,4.074e-004,3.277e-004,2.044e-004,1.128e-004,3.990e-005,7.354e-006,5.433e-006,3.922e-005,1.023e-004,1.863e-004,3.029e-004,3.941e-004,4.902e-004,2.640e-004,5.433e-004,5.479e-004,5.503e-004,3.594e-004,1.430e-004,3.334e-006,6.851e-006,1.644e-005,1.633e-005,1.515e-005,9.027e-005,3.171e-004,5.635e-004,5.439e-004,5.271e-006,2.006e-005,5.749e-004,3.870e-007,2.637e-004
684,1.217e-007,3.969e-005,8.270e-005,1.199e-004,1.906e-004,2.482e-004,3.013e-004,3.468e-004,3.833e-004,4.477e-004,5.243e-004,8.201e-008,7.661e-005,7.819e-005,1.141e-004,1.665e-004,2.102e-004,2.618e-004,3.072e-004,3.722e-004,4.256e-004,4.942e-004,7.716e-007,3.639e-007,1.210e-005,0.000e+000,1.021e-005,1.083e-005,1.515e-005,5.343e-006,2.412e-006,2.410e-005,1.625e-005,5.663e-007,1.297e-006,1.063e-006,0.000e+000,4.751e-006,4.807e-006,4.158e-005,1.362e-005,8.236e-006,1.566e-005,1.756e-005,5.097e-004,5.114e-004,4.543e-004,3.687e-004,2.963e-004,1.957e-004,1.009e-004,3.339e-005,9.116e-006,4.704e-006,3.576e-005,9.268e-005,1.685e-004,2.750e-004,3.587e-004,4.469e-004,2.368e-004,4.958e-004,4.995e-004,5.018e-004,3.356e-004,1.233e-004,5.250e-006,8.585e-006,1.489e-005,1.681e-005,1.681e-005,8.223e-005,2.886e-004,5.183e-004,4.966e-004,5.181e-006,2.023e-005,5.253e-004,3.283e-007,2.381e-004
688,1.581e-007,3.575e-005,7.422e-005,1.014e-004,1.664e-004,2.238e-004,2.807e-004,3.167e-004,3.521e-004,4.030e-004,4.705e-004,2.712e-007,6.849e-005,6.987e-005,1.027e-004,1.456e-004,1.873e-004,2.379e-004,2.741e-004,3.383e-004,3.806e-004,4.632e-004,7.749e-007,4.089e-007,6.812e-006,0.000e+000,1.348e-005,4.988e-006,1.114e-005,4.392e-006,2.881e-006,1.488e-005,1.964e-005,5.079e-007,1.458e-006,0.000e+000,3.024e-006,7.447e-006,1.521e-005,2.587e-005,1.286e-005,6.769e-006,2.032e-005,1.249e-005,4.622e-004,4.649e-004,4.117e-004,3.379e-004,2.657e-004,1.772e-004,9.139e-005,3.341e-005,8.693e-006,5.095e-006,3.315e-005,8.397e-005,1.520e-004,2.484e-004,3.243e-004,4.054e-004,2.136e-004,4.488e-004,4.528e-004,4.585e-004,3.048e-004,1.194e-004,1.079e-005,7.496e-006,1.519e-005,1.773e-005,1.457e-005,7.298e-005,2.605e-004,4.708e-004,4.501e-004,6.086e-006,2.067e-005,4.874e-004,6.127e-007,2.150e-004
692,4.040e-008,3.248e-005,6.718e-005,9.770e-005,1.545e-004,2.009e-004,2.378e-004,2.770e-004,3.136e-004,3.627e-004,4.141e-004,1.003e-007,6.141e-005,6.276e-005,9.202e-005,1.228e-004,1.649e-004,2.188e-004,2.431e-004,3.112e-004,3.480e-004,4.120e-004,8.648e-007,3.432e-007,8.444e-006,2.671e-007,1.024e-005,2.288e-006,1.708e-005,0.000e+000,1.015e-005,2.526e-005,1.538e-005,1.010e-006,1.204e-006,5.881e-007,7.608e-007,1.667e-006,1.058e-005,3.770e-005,1.835e-005,1.922e-005,1.542e-005,1.492e-006,4.124e-004,4.129e-004,3.713e-004,3.006e-004,2.401e-004,1.553e-004,8.363e-005,3.482e-005,7.822e-006,5.169e-006,2.982e-005,7.501e-005,1.369e-004,2.218e-004,2.894e-004,3.603e-004,1.924e-004,3.995e-004,4.044e-004,4.079e-004,2.742e-004,1.106e-004,7.572e-006,9.214e-006,1.691e-005,1.758e-005,1.370e-005,6.482e-005,2.357e-004,4.195e-004,4.002e-004,3.513e-006,1.730e-005,4.333e-004,5.917e-007,1.924e-004
696,2.752e-007,2.911e-005,6.028e-005,8.082e-005,1.322e-004,1.830e-004,2.143e-004,2.395e-004,2.740e-004,3.069e-004,3.646e-004,2.101e-007,5.489e-005,5.608e-005,8.221e-005,1.209e-004,1.464e-004,1.836e-004,2.133e-004,2.618e-004,3.029e-004,3.603e-004,6.145e-007,4.904e-007,1.567e-005,4.199e-006,5.825e-006,4.934e-006,1.879e-005,0.000e+000,0.000e+000,2.672e-005,2.219e-005,6.328e-007,1.033e-006,6.182e-006,2.882e-006,9.509e-007,2.581e-005,3.296e-005,7.015e-006,3.996e-006,2.489e-005,0.000e+000,3.649e-004,3.672e-004,3.271e-004,2.665e-004,2.163e-004,1.417e-004,7.200e-005,2.858e-005,6.709e-006,5.348e-006,2.786e-005,6.700e-005,1.222e-004,1.984e-004,2.572e-004,3.187e-004,1.654e-004,3.534e-004,3.577e-004,3.598e-004,2.451e-004,9.594e-005,5.467e-006,7.842e-006,1.562e-005,1.543e-005,1.565e-005,5.995e-005,2.100e-004,3.704e-004,3.551e-004,7.255e-006,1.017e-005,3.864e-004,4.405e-007,1.724e-004
700,1.790e-007,2.583e-005,5.414e-005,6.964e-005,1.186e-004,1.593e-004,1.929e-004,2.136e-004,2.516e-004,2.726e-004,3.541e-004,2.929e-007,4.954e-005,5.055e-005,7.403e-005,1.062e-004,1.398e-004,1.687e-004,1.862e-004,2.360e-004,2.688e-004,3.275e-004,7.005e-007,7.169e-007,9.846e-006,2.483e-006,7.430e-006,6.371e-006,2.602e-005,3.720e-006,3.598e-006,2.906e-005,1.876e-005,6.352e-007,9.337e-007,1.949e-006,4.226e-006,1.697e-006,1.717e-005,2.536e-005,7.407e-006,9.810e-006,2.231e-005,0.000e+000,3.294e-004,3.325e-004,2.972e-004,2.433e-004,1.964e-004,1.274e-004,6.755e-005,2.724e-005,6.352e-006,6.032e-006,2.607e-005,6.351e-005,1.110e-004,1.794e-004,2.329e-004,2.889e-004,1.559e-004,3.180e-004,3.227e-004,3.264e-004,2.215e-004,9.115e-005,6.850e-006,9.676e-006,1.731e-005,1.610e-005,1.578e-005,5.251e-005,1.915e-004,3.353e-004,3.195e-004,8.898e-006,1.346e-005,3.476e-004,3.909e-007,1.563e-004
704,9.322e-009,2.284e-005,4.834e-005,5.828e-005,1.057e-004,1.479e-004,1.898e-004,1.962e-004,2.196e-004,2.363e-004,3.019e-004,0.000e+000,4.383e-005,4.485e-005,6.537e-005,8.601e-005,1.258e-004,1.515e-004,1.816e-004,2.210e-004,2.500e-004,2.897e-004,6.962e-007,4.289e-007,1.818e-005,0.000e+000,1.067e-005,2.429e-006,2.753e-005,4.455e-006,2.098e-005,3.027e-005,1.747e-005,6.403e-007,8.832e-007,1.114e-006,5.650e-006,0.000e+000,1.192e-005,2.118e-005,9.808e-006,2.837e-006,2.230e-005,0.000e+000,3.002e-004,2.979e-004,2.667e-004,2.167e-004,1.762e-004,1.146e-004,6.104e-005,2.561e-005,7.656e-006,5.949e-006,2.378e-005,5.690e-005,9.875e-005,1.614e-004,2.095e-004,2.611e-004,1.392e-004,2.872e-004,2.909e-004,2.921e-004,1.990e-004,8.128e-005,7.110e-006,1.041e-005,1.673e-005,1.406e-005,1.505e-005,4.520e-005,1.720e-004,3.050e-004,2.863e-004,8.293e-006,1.423e-005,3.175e-004,5.077e-007,1.357e-004
708,1.908e-007,1.941e-005,4.141e-005,9.856e-005,8.477e-005,1.306e-004,1.549e-004,1.594e-004,1.992e-004,1.726e-004,2.782e-004,0.000e+000,3.715e-005,3.786e-005,5.546e-005,7.036e-005,1.052e-004,1.261e-004,1.517e-004,1.995e-004,2.164e-004,2.522e-004,6.170e-007,8.650e-007,1.930e-005,3.693e-006,1.136e-005,4.816e-006,2.764e-005,2.026e-007,2.202e-005,3.326e-005,2.877e-005,4.555e-007,5.541e-007,3.209e-007,7.692e-006,9.335e-007,1.988e-005,2.307e-005,6.106e-006,4.423e-006,2.680e-005,0.000e+000,2.598e-004,2.623e-004,2.346e-004,1.908e-004,1.542e-004,1.010e-004,5.336e-005,2.499e-005,6.419e-006,6.474e-006,2.136e-005,4.989e-005,8.670e-005,1.402e-004,1.823e-004,2.281e-004,1.198e-004,2.502e-004,2.573e-004,2.602e-004,1.743e-004,6.891e-005,1.583e-005,9.937e-006,1.632e-005,1.573e-005,1.413e-005,4.056e-005,1.496e-004,2.654e-004,2.522e-004,1.171e-005,1.300e-005,2.790e-004,2.785e-007,1.208e-004
712,4.277e-007,1.699e-005,3.583e-005,3.799e-005,7.242e-005,1.120e-004,1.346e-004,1.380e-004,1.730e-004,2.008e-004,2.482e-004,3.913e-008,3.194e-005,3.248e-005,4.775e-005,6.834e-005,9.076e-005,1.149e-004,1.249e-004,1.724e-004,1.957e-004,2.180e-004,4.900e-007,5.581e-007,1.498e-005,2.323e-006,6.493e-006,8.453e-006,3.094e-005,0.000e+000,9.111e-006,4.015e-005,2.437e-005,5.618e-007,6.639e-007,8.659e-006,5.458e-006,3.654e-006,2.185e-005,2.188e-005,5.932e-006,1.429e-006,4.006e-005,0.000e+000,2.220e-004,2.280e-004,2.036e-004,1.651e-004,1.361e-004,8.668e-005,4.220e-005,2.875e-005,7.552e-006,6.589e-006,1.995e-005,4.309e-005,7.468e-005,1.212e-004,1.571e-004,1.956e-004,1.035e-004,2.175e-004,2.205e-004,2.263e-004,1.505e-004,6.150e-005,1.111e-005,1.018e-005,1.982e-005,1.458e-005,1.262e-005,3.427e-005,1.306e-004,2.332e-004,2.171e-004,7.004e-006,1.026e-005,2.362e-004,4.016e-007,1.055e-004
716,4.698e-007,1.462e-005,3.142e-005,3.567e-005,5.472e-005,8.413e-005,1.162e-004,1.213e-004,1.419e-004,1.492e-004,2.261e-004,4.037e-008,2.792e-005,2.848e-005,4.107e-005,5.397e-005,7.635e-005,9.228e-005,1.159e-004,1.509e-004,1.719e-004,1.889e-004,2.018e-007,6.043e-007,1.807e-005,4.107e-007,1.753e-006,7.147e-006,2.572e-005,1.359e-006,1.849e-005,3.929e-005,1.212e-005,1.225e-007,5.582e-007,7.637e-006,1.393e-005,7.253e-007,2.309e-005,1.349e-005,1.561e-005,1.474e-006,3.115e-005,0.000e+000,1.949e-004,1.964e-004,1.766e-004,1.408e-004,1.152e-004,7.694e-005,3.714e-005,1.848e-005,7.128e-006,6.829e-006,1.790e-005,3.858e-005,6.547e-005,1.051e-004,1.357e-004,1.694e-004,8.919e-005,1.873e-004,1.901e-004,1.953e-004,1.302e-004,5.519e-005,1.000e-005,9.665e-006,1.417e-005,1.243e-005,1.372e-005,3.012e-005,1.130e-004,1.948e-004,1.868e-004,8.549e-006,8.198e-006,2.075e-004,6.728e-008,9.221e-005
720,6.178e-007,1.303e-005,2.793e-005,3.107e-005,5.868e-005,7.575e-005,1.007e-004,1.243e-004,1.135e-004,1.265e-004,1.840e-004,0.000e+000,2.420e-005,2.467e-005,3.531e-005,4.531e-005,6.192e-005,8.208e-005,1.013e-004,1.306e-004,1.468e-004,1.586e-004,1.862e-007,4.007e-007,1.488e-005,4.450e-006,5.199e-006,3.854e-006,3.188e-005,7.885e-007,1.627e-005,3.770e-005,2.453e-005,5.168e-007,5.864e-007,0.000e+000,1.281e-005,4.207e-007,1.982e-005,3.651e-006,2.151e-005,0.000e+000,4.124e-005,0.000e+000,1.662e-004,1.669e-004,1.544e-004,1.194e-004,9.935e-005,6.672e-005,3.549e-005,1.773e-005,6.303e-006,5.689e-006,1.597e-005,3.431e-005,5.583e-005,8.937e-005,1.152e-004,1.435e-004,7.683e-005,1.575e-004,1.605e-004,1.651e-004,1.134e-004,4.614e-005,2.258e-005,6.727e-006,1.268e-005,1.424e-005,1.089e-005,2.649e-005,9.707e-005,1.685e-004,1.585e-004,7.551e-006,7.863e-006,1.787e-004,3.097e-007,8.037e-005
724,5.134e-007,1.077e-005,2.434e-005,2.095e-005,5.872e-005,5.758e-005,9.613e-005,7.915e-005,8.330e-005,1.113e-004,1.754e-004,0.000e+000,2.079e-005,2.098e-005,3.011e-005,3.413e-005,5.676e-005,6.839e-005,8.693e-005,1.024e-004,1.271e-004,1.109e-004,8.032e-008,4.849e-007,8.444e-006,5.981e-006,1.308e-006,3.545e-006,2.621e-005,5.729e-006,5.943e-006,4.261e-005,1.489e-005,1.104e-007,4.475e-007,1.199e-006,1.746e-005,2.533e-006,1.889e-005,1.321e-005,1.963e-005,0.000e+000,4.120e-005,0.000e+000,1.403e-004,1.409e-004,1.274e-004,1.054e-004,8.375e-005,5.659e-005,2.932e-005,1.394e-005,5.356e-006,5.029e-006,1.453e-005,2.806e-005,4.823e-005,7.745e-005,9.804e-005,1.226e-004,6.676e-005,1.332e-004,1.368e-004,1.415e-004,9.276e-005,3.822e-005,9.688e-006,3.240e-006,3.099e-006,1.033e-005,1.193e-005,2.227e-005,8.180e-005,1.416e-004,1.336e-004,5.607e-006,6.807e-006,1.515e-004,1.943e-007,6.923e-005
728,3.243e-007,8.911e-006,2.093e-005,2.679e-005,7.416e-005,5.326e-005,6.868e-005,6.437e-005,7.514e-005,9.779e-005,1.571e-004,0.000e+000,1.812e-005,1.803e-005,2.624e-005,3.371e-005,5.043e-005,5.232e-005,7.405e-005,8.826e-005,1.182e-004,8.863e-005,1.481e-007,5.723e-007,1.766e-005,8.512e-006,2.121e-006,3.181e-006,1.509e-005,1.590e-006,1.502e-005,7.187e-005,1.509e-005,1.790e-007,5.806e-007,1.944e-006,1.717e-005,0.000e+000,1.392e-005,1.635e-006,2.002e-005,0.000e+000,3.036e-005,0.000e+000,1.227e-004,1.230e-004,1.126e-004,9.392e-005,7.635e-005,5.075e-005,2.144e-005,1.420e-005,4.654e-006,4.655e-006,1.272e-005,2.105e-005,4.182e-005,6.694e-005,8.587e-005,1.058e-004,5.772e-005,1.158e-004,1.200e-004,1.246e-004,8.141e-005,3.366e-005,1.134e-005,7.441e-006,1.057e-005,9.155e-006,1.156e-005,1.953e-005,7.203e-005,1.253e-004,1.160e-004,4.385e-006,5.263e-006,1.324e-004,0.000e+000,6.012e-005
732,4.109e-007,8.023e-006,1.853e-005,2.150e-005,5.921e-005,4.553e-005,6.579e-005,6.047e-005,8.809e-005,8.172e-005,1.386e-004,0.000e+000,1.576e-005,1.605e-005,2.301e-005,2.706e-005,3.989e-005,5.139e-005,7.111e-005,7.490e-005,9.743e-005,1.043e-004,8.259e-009,7.430e-007,1.635e-005,1.384e-005,1.687e-006,0.000e+000,1.483e-005,0.000e+000,1.698e-005,5.179e-005,1.373e-005,5.696e-007,3.731e-007,0.000e+000,1.293e-005,0.000e+000,2.236e-005,5.202e-006,1.223e-005,4.254e-006,2.039e-005,0.000e+000,1.077e-004,1.091e-004,9.972e-005,8.363e-005,6.091e-005,4.593e-005,2.051e-005,1.449e-005,4.826e-006,4.175e-006,1.206e-005,2.003e-005,3.669e-005,5.871e-005,7.718e-005,9.327e-005,5.164e-005,1.036e-004,1.065e-004,1.105e-004,7.127e-005,3.107e-005,9.048e-006,8.139e-006,1.007e-005,9.878e-006,9.835e-006,1.626e-005,6.370e-005,1.134e-004,1.031e-004,7.553e-006,4.983e-006,1.176e-004,2.848e-007,5.295e-005
736,3.739e-007,6.473e-006,1.653e-005,1.530e-005,3.991e-005,3.897e-005,6.250e-005,4.040e-005,6.199e-005,6.038e-005,1.173e-004,0.000e+000,1.346e-005,1.360e-005,1.943e-005,3.013e-005,3.332e-005,5.058e-005,5.558e-005,6.235e-005,7.914e-005,7.352e-005,0.000e+000,5.844e-007,1.690e-005,7.258e-006,1.633e-006,4.502e-006,2.253e-005,2.724e-006,2.145e-005,3.501e-005,4.661e-006,5.013e-009,4.540e-007,1.646e-006,1.469e-005,0.000e+000,1.237e-005,4.578e-008,7.072e-006,8.202e-006,4.539e-005,0.000e+000,9.633e-005,9.594e-005,8.841e-005,7.430e-005,5.818e-005,4.183e-005,1.654e-005,1.171e-005,4.250e-006,5.184e-006,1.044e-005,2.006e-005,3.152e-005,5.085e-005,6.656e-005,8.417e-005,4.548e-005,9.062e-005,9.433e-005,9.706e-005,6.199e-005,2.797e-005,8.661e-006,6.506e-006,8.860e-006,1.701e-005,9.653e-006,2.009e-005,5.764e-005,9.895e-005,9.125e-005,4.315e-006,1.858e-006,1.060e-004,4.975e-008,4.572e-005
740,3.046e-007,5.867e-006,1.490e-005,1.549e-005,3.860e-005,3.161e-005,5.008e-005,5.445e-005,4.862e-005,5.260e-005,9.425e-005,3.239e-008,1.249e-005,1.208e-005,1.728e-005,2.806e-005,3.543e-005,3.690e-005,4.800e-005,5.249e-005,6.257e-005,5.101e-005,0.000e+000,4.989e-007,1.104e-005,7.414e-006,6.534e-006,5.957e-007,1.361e-005,2.383e-006,2.945e-005,3.510e-005,6.546e-006,0.000e+000,2.455e-007,3.823e-006,1.376e-005,6.755e-006,2.800e-005,0.000e+000,7.796e-006,1.079e-005,1.168e-005,0.000e+000,8.608e-005,8.653e-005,7.967e-005,6.696e-005,5.226e-005,3.470e-005,1.565e-005,1.214e-005,5.460e-006,5.232e-006,8.444e-006,1.823e-005,2.910e-005,4.596e-005,6.052e-005,7.462e-005,3.919e-005,8.171e-005,8.582e-005,8.869e-005,5.745e-005,2.302e-005,6.066e-006,9.679e-006,1.125e-005,8.139e-006,1.212e-005,1.284e-005,5.304e-005,9.043e-005,8.237e-005,4.163e-006,5.444e-006,9.627e-005,3.202e-007,4.166e-005
744,4.028e-007,5.442e-006,1.377e-005,1.248e-005,3.653e-005,3.158e-005,5.561e-005,5.218e-005,4.397e-005,4.410e-005,1.044e-004,2.022e-008,1.152e-005,1.129e-005,1.593e-005,3.032e-005,2.931e-005,2.231e-005,4.142e-005,4.313e-005,7.914e-005,6.621e-005,0.000e+000,9.214e-007,1.058e-005,1.448e-005,2.964e-006,3.235e-006,1.198e-005,0.000e+000,1.237e-005,4.500e-005,9.314e-007,7.449e-008,6.229e-008,0.000e+000,1.299e-005,1.112e-005,1.866e-005,2.495e-006,1.175e-005,1.108e-006,1.390e-005,1.618e-006,7.919e-005,8.009e-005,7.472e-005,6.475e-005,4.652e-005,3.194e-005,1.616e-005,1.027e-005,5.189e-006,6.281e-006,8.614e-006,1.732e-005,3.356e-005,4.221e-005,5.599e-005,6.946e-005,3.598e-005,7.635e-005,8.523e-005,8.105e-005,5.571e-005,2.346e-005,7.193e-006,9.047e-006,1.031e-005,8.740e-006,1.138e-005,1.048e-005,4.724e-005,8.059e-005,7.502e-005,5.789e-006,2.593e-006,8.804e-005,1.314e-007,3.920e-005
748,3.179e-007,5.074e-006,1.339e-005,2.405e-005,3.166e-005,2.512e-005,5.206e-005,2.575e-005,4.649e-005,2.301e-005,9.955e-005,1.767e-007,1.072e-005,1.045e-005,1.417e-005,1.934e-005,3.126e-005,3.039e-005,3.606e-005,5.051e-005,6.874e-005,5.376e-005,0.000e+000,5.318e-007,1.495e-005,2.091e-005,0.000e+000,7.262e-006,1.824e-005,5.513e-006,5.322e-006,3.836e-005,8.715e-006,5.908e-008,1.066e-007,0.000e+000,1.193e-005,3.776e-006,1.486e-005,1.682e-007,2.858e-006,7.745e-006,2.066e-005,1.091e-007,7.330e-005,7.672e-005,6.528e-005,5.627e-005,4.251e-005,2.906e-005,1.415e-005,1.239e-005,6.558e-006,5.892e-006,1.054e-005,1.758e-005,2.749e-005,3.845e-005,5.009e-005,6.242e-005,3.627e-005,6.856e-005,7.250e-005,7.422e-005,4.836e-005,2.062e-005,8.692e-006,3.261e-006,9.687e-006,4.197e-006,9.616e-006,9.804e-006,4.520e-005,7.113e-005,6.789e-005,6.036e-006,7.802e-007,8.024e-005,2.412e-007,3.355e-005
752,2.577e-007,4.562e-006,1.245e-005,2.072e-005,1.551e-005,2.031e-005,4.767e-005,2.703e-005,3.884e-005,5.120e-005,9.704e-005,5.113e-007,9.841e-006,9.669e-006,1.296e-005,2.140e-005,3.381e-005,3.700e-005,3.010e-005,3.676e-005,6.005e-005,5.675e-005,0.000e+000,8.589e-007,5.085e-006,2.460e-005,0.000e+000,1.066e-006,8.314e-006,1.199e-006,1.588e-005,2.854e-005,0.000e+000,6.544e-008,4.177e-007,0.000e+000,1.350e-005,5.971e-006,1.438e-005,0.000e+000,0.000e+000,2.689e-005,2.263e-005,3.197e-006,6.860e-005,6.796e-005,6.119e-005,5.286e-005,3.766e-005,2.521e-005,1.755e-005,1.170e-005,7.423e-006,5.432e-006,1.019e-005,1.714e-005,2.366e-005,3.594e-005,4.740e-005,5.759e-005,3.552e-005,6.185e-005,6.535e-005,7.016e-005,4.265e-005,2.784e-005,1.025e-005,1.232e-005,8.245e-006,6.499e-006,9.749e-006,1.074e-005,4.115e-005,6.728e-005,6.276e-005,8.565e-006,2.808e-006,7.544e-005,3.722e-007,3.202e-005
756,5.296e-007,4.379e-006,1.184e-005,2.708e-005,2.097e-005,1.896e-005,3.151e-005,3.374e-005,2.926e-005,4.138e-005,8.225e-005,6.323e-007,8.972e-006,8.942e-006,1.171e-005,8.961e-006,3.147e-005,2.536e-005,2.763e-005,1.958e-005,5.732e-005,5.157e-005,5.269e-008,8.714e-007,7.486e-006,2.250e-005,0.000e+000,8.484e-006,2.651e-006,4.671e-006,9.665e-006,2.808e-005,0.000e+000,4.669e-008,3.048e-007,0.000e+000,1.139e-005,1.332e-005,9.834e-006,0.000e+000,6.534e-006,3.197e-006,1.153e-005,1.773e-005,5.701e-005,6.162e-005,5.613e-005,4.999e-005,3.399e-005,2.468e-005,1.300e-005,1.281e-005,8.105e-006,6.710e-006,1.002e-005,1.608e-005,2.170e-005,3.283e-005,4.315e-005,5.293e-005,3.209e-005,5.538e-005,5.996e-005,6.393e-005,4.024e-005,2.153e-005,1.690e-005,1.009e-005,8.418e-006,6.149e-006,7.619e-006,8.648e-006,3.679e-005,6.194e-005,5.639e-005,6.224e-006,4.561e-006,6.900e-005,1.784e-007,2.995e-005
760,5.153e-007,4.289e-006,1.113e-005,1.780e-005,3.684e-005,1.178e-005,3.152e-005,2.146e-005,4.448e-005,7.888e-005,7.945e-005,2.309e-007,8.319e-006,7.907e-006,1.079e-005,1.075e-005,2.864e-005,1.634e-005,2.474e-005,3.000e-005,4.052e-005,4.529e-005,6.349e-008,1.090e-006,6.374e-007,1.147e-005,0.000e+000,6.576e-007,6.404e-007,9.809e-006,1.280e-005,3.460e-005,0.000e+000,4.620e-008,1.123e-007,0.000e+000,6.079e-006,1.316e-005,1.664e-005,0.000e+000,5.564e-007,4.217e-006,1.679e-005,1.315e-006,5.490e-005,5.384e-005,4.985e-005,4.526e-005,2.932e-005,2.302e-005,1.642e-005,1.038e-005,1.008e-005,7.126e-006,1.015e-005,1.494e-005,2.109e-005,2.867e-005,3.883e-005,4.737e-005,3.268e-005,5.209e-005,5.430e-005,5.922e-005,3.808e-005,2.501e-005,1.159e-005,2.025e-005,1.188e-005,5.838e-006,7.416e-006,1.114e-005,3.255e-005,5.434e-005,4.960e-005,8.426e-006,6.902e-007,6.339e-005,4.217e-007,2.682e-005
764,5.410e-007,3.930e-006,9.660e-006,1.780e-005,2.497e-005,2.143e-005,2.333e-005,4.042e-005,4.979e-005,2.711e-005,4.913e-005,8.074e-007,7.816e-006,7.293e-006,9.721e-006,7.516e-006,2.880e-005,1.472e-005,2.607e-005,5.910e-006,4.073e-005,3.299e-005,5.122e-007,1.287e-006,0.000e+000,2.260e-005,0.000e+000,5.959e-006,1.625e-006,6.295e-006,1.391e-005,3.307e-005,0.000e+000,4.453e-007,5.698e-007,0.000e+000,1.456e-005,4.451e-006,7.351e-006,0.000e+000,0.000e+000,1.827e-005,1.482e-005,0.000e+000,4.806e-005,4.649e-005,4.492e-005,4.200e-005,2.988e-005,1.934e-005,1.513e-005,1.200e-005,8.277e-006,8.396e-006,8.651e-006,1.583e-005,1.917e-005,2.591e-005,3.483e-005,4.271e-005,2.517e-005,4.454e-005,4.924e-005,5.231e-005,3.713e-005,1.535e-005,1.226e-005,1.272e-005,1.378e-005,4.729e-006,7.467e-006,1.479e-005,2.584e-005,4.680e-005,4.465e-005,1.222e-005,1.547e-006,5.586e-005,6.101e-007,2.481e-005
768,1.126e-006,4.008e-006,9.559e-006,1.411e-005,2.393e-005,1.481e-005,7.351e-006,3.467e-005,1.194e-005,4.815e-005,4.714e-005,1.022e-006,7.345e-006,6.598e-006,8.298e-006,2.201e-005,3.388e-005,4.661e-005,2.360e-005,4.755e-007,3.217e-005,1.172e-005,9.927e-007,2.037e-006,0.000e+000,2.310e-005,0.000e+000,3.999e-006,4.283e-006,1.233e-005,2.708e-006,4.512e-005,0.000e+000,9.756e-007,1.119e-006,0.000e+000,4.737e-006,1.324e-005,4.934e-006,0.000e+000,0.000e+000,8.882e-006,1.306e-005,5.765e-006,4.282e-005,4.176e-005,4.242e-005,3.893e-005,2.511e-005,1.239e-005,1.452e-005,1.206e-005,1.044e-005,8.848e-006,1.024e-005,1.562e-005,1.745e-005,2.274e-005,3.170e-005,3.751e-005,2.266e-005,4.005e-005,4.390e-005,4.793e-005,3.416e-005,1.910e-005,1.206e-005,1.671e-005,1.182e-005,5.143e-006,7.832e-006,1.545e-005,2.302e-005,4.016e-005,3.629e-005,1.290e-005,3.417e-007,5.651e-005,1.841e-007,2.327e-005
772,2.225e-006,4.452e-006,9.978e-006,1.883e-005,3.645e-005,1.917e-005,1.445e-005,6.692e-006,1.512e-005,2.871e-005,6.545e-005,1.300e-006,6.993e-006,7.035e-006,8.018e-006,5.276e-006,4.002e-005,1.320e-005,2.723e-005,2.381e-005,1.979e-005,3.378e-005,1.380e-006,2.614e-006,0.000e+000,1.415e-005,0.000e+000,6.287e-007,2.242e-007,2.119e-005,1.307e-005,1.427e-005,0.000e+000,1.023e-006,1.608e-006,0.000e+000,7.732e-007,1.794e-005,2.719e-005,1.164e-005,0.000e+000,1.246e-005,1.036e-006,2.130e-005,3.916e-005,5.499e-005,3.818e-005,3.463e-005,2.298e-005,1.860e-005,1.598e-005,1.135e-005,1.165e-005,8.497e-006,1.027e-005,1.313e-005,1.681e-005,2.094e-005,2.872e-005,3.398e-005,2.192e-005,3.455e-005,3.626e-005,4.139e-005,3.390e-005,1.447e-005,1.268e-005,1.774e-005,1.298e-005,9.066e-006,7.771e-006,1.015e-005,1.796e-005,3.688e-005,3.474e-005,1.284e-005,2.632e-006,4.878e-005,1.181e-006,2.218e-005
776,1.877e-006,4.551e-006,9.621e-006,2.902e-005,3.369e-005,2.029e-005,2.670e-005,1.520e-005,9.939e-006,3.757e-005,6.934e-005,1.661e-006,7.151e-006,6.377e-006,7.431e-006,9.776e-006,3.926e-005,1.879e-005,3.567e-005,3.388e-006,6.167e-006,2.665e-005,1.538e-006,2.829e-006,3.831e-006,1.031e-005,0.000e+000,9.211e-006,0.000e+000,2.099e-005,1.003e-006,2.104e-005,0.000e+000,1.476e-006,2.023e-006,0.000e+000,1.687e-006,1.911e-005,7.585e-006,2.959e-005,0.000e+000,5.908e-006,1.246e-006,1.599e-005,3.535e-005,3.435e-005,2.020e-005,3.258e-005,2.440e-005,1.722e-005,1.646e-005,1.267e-005,1.139e-005,1.055e-005,1.136e-005,1.330e-005,1.627e-005,1.855e-005,2.719e-005,3.066e-005,2.132e-005,3.114e-005,3.105e-005,3.797e-005,2.773e-005,1.584e-005,1.463e-005,1.764e-005,1.591e-005,1.338e-005,9.853e-006,1.007e-005,1.727e-005,3.223e-005,3.083e-005,1.620e-005,3.035e-006,4.421e-005,1.977e-006,1.933e-005
780,2.330e-006,4.688e-006,9.328e-006,1.534e-005,2.768e-005,2.873e-005,5.449e-006,1.024e-005,1.823e-005,3.066e-005,6.909e-005,2.808e-006,7.267e-006,6.158e-006,7.037e-006,4.689e-006,4.130e-005,1.632e-005,2.586e-005,2.861e-006,1.404e-006,2.213e-005,2.247e-006,3.827e-006,3.255e-006,1.423e-006,0.000e+000,4.352e-006,0.000e+000,4.980e-006,5.999e-006,2.286e-005,0.000e+000,2.251e-006,3.043e-006,5.077e-006,0.000e+000,1.705e-005,4.168e-006,1.158e-006,0.000e+000,3.776e-006,3.725e-006,2.348e-005,3.362e-005,3.031e-005,2.462e-005,3.263e-005,2.150e-005,1.503e-005,1.601e-005,1.193e-005,1.451e-005,1.170e-005,1.075e-005,1.486e-005,1.583e-005,1.873e-005,2.572e-005,2.925e-005,2.125e-005,2.871e-005,3.205e-005,3.546e-005,2.637e-005,1.336e-005,1.197e-005,1.982e-005,1.536e-005,1.205e-005,1.017e-005,1.487e-005,1.823e-005,2.949e-005,2.736e-005,1.436e-005,3.597e-006,3.934e-005,2.880e-006,1.894e-005
